customer_id,full_name,national_id,age,job,marital,education,default,balance,housing,loan,contact,day,credit_score,monthly_income,loan_history,risk_level,email,phone
CUST000001,Ahmed Mahmoud,2.15235E+13,20,technician,divorced,secondary,no,54196,no,yes,cellular,13,795,3564,Excellent,Low,ahmed.mahmoud1@example.com,2.01077E+11
CUST000002,Aya Mahmoud,3.28158E+13,42,technician,single,secondary,no,1203907,yes,no,unknown,10,724,63407,Good,Low,aya.mahmoud2@example.com,2.01039E+11
CUST000003,Youssef Mostafa,2.12066E+13,76,management,single,tertiary,no,818434,no,yes,unknown,17,708,62725,Good,Low,youssef.mostafa3@example.com,2.01035E+11
CUST000004,Mohamed Samir,2.62196E+13,76,teacher,married,tertiary,no,4401,no,yes,cellular,2,525,35951,Good,High,mohamed.samir4@example.com,2.01043E+11
CUST000005,Reem Samir,3.68723E+13,39,blue-collar,single,tertiary,no,289287,no,yes,unknown,12,379,73461,Fair,High,reem.samir5@example.com,2.01034E+11
CUST000006,Aya Samir,2.75202E+13,80,management,divorced,tertiary,no,155588,no,no,cellular,1,780,22887,Fair,Low,aya.samir6@example.com,2.01087E+11
CUST000007,Youssef Khaled,3.46583E+13,31,engineer,single,primary,no,633075,no,yes,telephone,24,707,34995,Good,Low,youssef.khaled7@example.com,2.01022E+11
CUST000008,Ahmed Ali,3.38488E+13,65,admin.,single,secondary,no,712642,yes,no,unknown,8,634,51027,Fair,Medium,ahmed.ali8@example.com,2.0108E+11
CUST000009,Sara Adel,2.58598E+13,49,blue-collar,divorced,tertiary,no,1030098,no,yes,telephone,6,624,79397,Excellent,Medium,sara.adel9@example.com,2.01035E+11
CUST000010,Nour Fathy,3.27502E+13,75,blue-collar,married,primary,no,787289,yes,yes,telephone,7,505,43468,Good,High,nour.fathy10@example.com,2.01093E+11
CUST000011,Omar Mostafa,2.74945E+13,76,engineer,single,secondary,no,2692,no,yes,cellular,27,460,20437,Good,High,omar.mostafa11@example.com,2.01072E+11
CUST000012,Mona Ibrahim,3.28115E+13,23,blue-collar,divorced,tertiary,no,468616,no,yes,unknown,29,657,67362,Fair,Medium,mona.ibrahim12@example.com,2.01074E+11
CUST000013,Youssef Adel,2.4914E+13,78,teacher,single,tertiary,no,538679,yes,no,unknown,15,821,48563,Excellent,Low,youssef.adel13@example.com,2.01073E+11
CUST000014,Mahmoud Ali,2.11506E+13,36,engineer,divorced,primary,no,1700,yes,yes,telephone,21,752,29110,Good,Low,mahmoud.ali14@example.com,2.0109E+11
CUST000015,Omar Hassan,3.4924E+13,87,admin.,divorced,tertiary,no,269590,no,yes,unknown,30,535,53246,Fair,High,omar.hassan15@example.com,2.0103E+11
CUST000016,Omar Ibrahim,3.83736E+13,67,management,single,secondary,no,1419415,no,yes,cellular,22,468,78992,Good,High,omar.ibrahim16@example.com,2.01037E+11
CUST000017,Reem Zekry,3.75577E+13,47,engineer,divorced,secondary,no,20374,no,yes,cellular,25,826,16598,Excellent,Low,reem.zekry17@example.com,2.01081E+11
CUST000018,Sara Khaled,3.11539E+13,95,management,divorced,secondary,no,173993,yes,no,telephone,27,462,35183,Good,High,sara.khaled18@example.com,2.01097E+11
CUST000019,Ahmed Fathy,2.98171E+13,24,admin.,divorced,secondary,no,776852,yes,yes,cellular,20,843,43253,Good,Low,ahmed.fathy19@example.com,2.01048E+11
CUST000020,Reem Fathy,3.47151E+13,34,entrepreneur,single,secondary,no,2904,yes,no,cellular,31,456,31238,Fair,High,reem.fathy20@example.com,2.01041E+11
CUST000021,Mona Mahmoud,2.38346E+13,67,admin.,married,primary,no,607958,no,yes,unknown,8,445,67846,Fair,High,mona.mahmoud21@example.com,2.01043E+11
CUST000022,Youssef Adel,2.07544E+13,77,admin.,married,tertiary,no,47293,yes,no,telephone,15,682,21658,Good,Medium,youssef.adel22@example.com,2.01015E+11
CUST000023,Ahmed Mahmoud,2.10429E+13,53,blue-collar,single,primary,no,124783,no,yes,unknown,17,340,17399,Fair,High,ahmed.mahmoud23@example.com,2.01012E+11
CUST000024,Mona Fathy,3.95517E+13,61,teacher,single,primary,no,228709,yes,yes,cellular,6,500,11608,Fair,High,mona.fathy24@example.com,2.01084E+11
CUST000025,Mahmoud Mahmoud,2.85547E+13,50,blue-collar,married,tertiary,no,334881,no,no,cellular,8,471,66724,Fair,High,mahmoud.mahmoud25@example.com,2.0104E+11
CUST000026,Ahmed Fathy,3.89359E+13,50,engineer,single,primary,no,215123,no,yes,telephone,1,757,10868,Good,Low,ahmed.fathy26@example.com,2.01036E+11
CUST000027,Sara Hassan,3.0882E+13,70,management,single,primary,no,281378,yes,no,cellular,18,588,70317,Excellent,Medium,sara.hassan27@example.com,2.01083E+11
CUST000028,Reem Adel,2.09692E+13,38,entrepreneur,divorced,tertiary,no,79989,yes,yes,telephone,3,301,79388,Good,High,reem.adel28@example.com,2.01078E+11
CUST000029,Aya Mahmoud,2.1039E+13,56,admin.,married,primary,no,304233,yes,no,cellular,12,575,50046,Fair,Medium,aya.mahmoud29@example.com,2.01093E+11
CUST000030,Reem Ali,2.04033E+13,76,blue-collar,divorced,primary,no,902775,no,yes,unknown,6,821,50033,Good,Low,reem.ali30@example.com,2.01095E+11
CUST000031,Aya Mahmoud,3.13349E+13,61,entrepreneur,single,secondary,no,593027,no,no,unknown,18,805,58991,Excellent,Low,aya.mahmoud31@example.com,2.01032E+11
CUST000032,Mahmoud Ali,3.9988E+13,26,engineer,married,tertiary,no,1303677,no,no,unknown,3,641,72498,Good,Medium,mahmoud.ali32@example.com,2.0103E+11
CUST000033,Mahmoud Samir,2.96097E+13,95,technician,divorced,primary,no,978851,yes,yes,unknown,27,764,54450,Excellent,Low,mahmoud.samir33@example.com,2.01013E+11
CUST000034,Aya Mostafa,2.31853E+13,90,blue-collar,single,secondary,no,455248,no,yes,telephone,21,325,23895,Good,High,aya.mostafa34@example.com,2.01095E+11
CUST000035,Sara Ali,3.43878E+13,46,admin.,single,tertiary,no,187778,yes,yes,telephone,6,595,20525,Good,Medium,sara.ali35@example.com,2.01068E+11
CUST000036,Aya Khaled,2.10884E+13,84,teacher,married,tertiary,no,202570,no,no,unknown,14,567,41097,Good,Medium,aya.khaled36@example.com,2.01033E+11
CUST000037,Sara Hassan,2.73077E+13,55,entrepreneur,married,secondary,no,336719,yes,no,cellular,3,410,28213,Fair,High,sara.hassan37@example.com,2.01065E+11
CUST000038,Nour Khaled,2.92789E+13,38,teacher,married,secondary,no,143284,no,yes,unknown,19,715,70753,Excellent,Low,nour.khaled38@example.com,2.01029E+11
CUST000039,Mahmoud Adel,2.55881E+13,22,management,single,tertiary,no,854720,yes,no,telephone,30,336,53261,Fair,High,mahmoud.adel39@example.com,2.01074E+11
CUST000040,Sara Adel,3.13995E+13,28,management,single,primary,no,730386,no,yes,telephone,11,320,51839,Excellent,High,sara.adel40@example.com,2.01045E+11
CUST000041,Mona Hassan,2.33021E+13,65,entrepreneur,married,tertiary,no,156953,no,yes,telephone,5,428,51152,Good,High,mona.hassan41@example.com,2.0104E+11
CUST000042,Mona Samir,3.0397E+13,40,blue-collar,married,tertiary,no,209464,no,yes,cellular,11,409,41968,Excellent,High,mona.samir42@example.com,2.01054E+11
CUST000043,Sara Mahmoud,3.53759E+13,68,admin.,divorced,primary,no,349794,no,yes,cellular,30,726,70120,Excellent,Low,sara.mahmoud43@example.com,2.01065E+11
CUST000044,Ahmed Adel,3.64157E+13,79,engineer,single,tertiary,no,845262,yes,yes,cellular,10,762,77091,Excellent,Low,ahmed.adel44@example.com,2.01035E+11
CUST000045,Omar Ali,2.781E+13,62,technician,single,primary,no,181177,no,yes,cellular,9,787,13881,Fair,Low,omar.ali45@example.com,2.01053E+11
CUST000046,Nour Adel,3.64136E+13,53,management,married,tertiary,no,845355,yes,yes,unknown,25,763,52898,Fair,Low,nour.adel46@example.com,2.01014E+11
CUST000047,Youssef Adel,2.291E+13,69,teacher,married,primary,no,62626,yes,no,cellular,31,563,62164,Excellent,Medium,youssef.adel47@example.com,2.01022E+11
CUST000048,Omar Mostafa,3.52065E+13,69,management,divorced,primary,no,398890,no,yes,cellular,11,516,39990,Good,High,omar.mostafa48@example.com,2.01095E+11
CUST000049,Omar Mostafa,2.77489E+13,73,technician,single,tertiary,no,335839,no,no,cellular,23,824,37724,Good,Low,omar.mostafa49@example.com,2.01014E+11
CUST000050,Youssef Hassan,2.86497E+13,63,blue-collar,single,tertiary,no,1280519,no,no,telephone,16,638,63958,Fair,Medium,youssef.hassan50@example.com,2.01095E+11
CUST000051,Omar Ibrahim,3.48592E+13,78,teacher,divorced,secondary,no,718972,no,yes,cellular,21,586,60144,Good,Medium,omar.ibrahim51@example.com,2.0108E+11
CUST000052,Aya Mahmoud,3.19473E+13,80,teacher,divorced,tertiary,no,189453,no,yes,unknown,8,699,64667,Excellent,Medium,aya.mahmoud52@example.com,2.01075E+11
CUST000053,Aya Khaled,2.57932E+13,46,engineer,single,secondary,no,144,no,yes,unknown,31,667,73690,Fair,Medium,aya.khaled53@example.com,2.01055E+11
CUST000054,Sara Samir,2.4676E+13,54,entrepreneur,married,secondary,no,921925,yes,yes,cellular,16,713,71025,Fair,Low,sara.samir54@example.com,2.01052E+11
CUST000055,Aya Samir,2.52448E+13,74,technician,married,tertiary,no,234745,yes,yes,telephone,4,612,78258,Excellent,Medium,aya.samir55@example.com,2.01086E+11
CUST000056,Sara Hassan,3.7676E+13,55,engineer,married,tertiary,no,718787,yes,no,telephone,19,726,42486,Fair,Low,sara.hassan56@example.com,2.01055E+11
CUST000057,Aya Samir,3.27032E+13,44,management,divorced,tertiary,no,388699,no,yes,unknown,31,676,65611,Fair,Medium,aya.samir57@example.com,2.01069E+11
CUST000058,Mohamed Mostafa,3.41124E+13,42,teacher,single,secondary,no,74358,yes,yes,telephone,11,468,73058,Fair,High,mohamed.mostafa58@example.com,2.01052E+11
CUST000059,Sara Samir,3.36097E+13,28,admin.,married,secondary,yes,169610,yes,yes,cellular,31,316,12736,Poor,High,sara.samir59@example.com,2.01021E+11
CUST000060,Mahmoud Ali,3.61722E+13,26,technician,single,tertiary,no,555781,yes,no,unknown,16,421,42621,Fair,High,mahmoud.ali60@example.com,2.01093E+11
CUST000061,Sara Fathy,3.61324E+13,46,teacher,single,tertiary,no,519547,no,yes,unknown,27,811,47252,Good,Low,sara.fathy61@example.com,2.01017E+11
CUST000062,Mona Khaled,2.69098E+13,81,admin.,divorced,tertiary,no,94216,no,yes,telephone,29,413,15209,Fair,High,mona.khaled62@example.com,2.01029E+11
CUST000063,Mohamed Samir,3.9483E+13,33,teacher,single,tertiary,no,-2235,yes,yes,cellular,30,834,79202,Excellent,Low,mohamed.samir63@example.com,2.01069E+11
CUST000064,Mohamed Ali,2.66825E+13,34,management,married,tertiary,no,592639,no,yes,unknown,18,451,33158,Excellent,High,mohamed.ali64@example.com,2.01074E+11
CUST000065,Aya Adel,3.95579E+13,92,teacher,married,primary,no,161591,yes,yes,unknown,5,751,39633,Fair,Low,aya.adel65@example.com,2.01082E+11
CUST000066,Sara Mahmoud,2.70625E+13,65,blue-collar,married,primary,no,79494,yes,yes,telephone,8,535,27649,Good,High,sara.mahmoud66@example.com,2.01036E+11
CUST000067,Ahmed Ibrahim,2.28035E+13,64,blue-collar,married,secondary,no,54786,yes,no,telephone,25,666,10763,Good,Medium,ahmed.ibrahim67@example.com,2.0109E+11
CUST000068,Mona Mostafa,2.57492E+13,19,teacher,married,secondary,no,4783,no,yes,cellular,9,392,75431,Good,High,mona.mostafa68@example.com,2.01076E+11
CUST000069,Youssef Fathy,3.92822E+13,63,entrepreneur,married,tertiary,no,766380,yes,no,unknown,3,615,76625,Good,Medium,youssef.fathy69@example.com,2.01029E+11
CUST000070,Omar Hassan,2.62266E+13,83,admin.,married,primary,no,48843,yes,yes,unknown,9,649,6744,Excellent,Medium,omar.hassan70@example.com,2.01081E+11
CUST000071,Mahmoud Mostafa,2.81171E+13,44,teacher,married,tertiary,no,792839,yes,yes,telephone,2,824,41833,Fair,Low,mahmoud.mostafa71@example.com,2.01085E+11
CUST000072,Mohamed Khaled,3.61753E+13,23,entrepreneur,divorced,tertiary,no,181257,no,yes,cellular,26,369,14112,Excellent,High,mohamed.khaled72@example.com,2.01065E+11
CUST000073,Sara Samir,3.91218E+13,94,management,married,secondary,no,521388,no,no,unknown,23,548,47638,Excellent,High,sara.samir73@example.com,2.01077E+11
CUST000074,Reem Ibrahim,2.02845E+13,71,teacher,divorced,tertiary,no,558907,no,no,cellular,2,629,61807,Fair,Medium,reem.ibrahim74@example.com,2.01093E+11
CUST000075,Mahmoud Adel,2.029E+13,70,entrepreneur,single,primary,no,985940,no,yes,cellular,17,740,61504,Good,Low,mahmoud.adel75@example.com,2.01091E+11
CUST000076,Omar Khaled,3.35915E+13,54,teacher,divorced,primary,no,356674,yes,no,telephone,27,378,32419,Fair,High,omar.khaled76@example.com,2.01047E+11
CUST000077,Reem Samir,3.54307E+13,91,management,divorced,tertiary,no,152876,yes,yes,cellular,24,749,15274,Excellent,Low,reem.samir77@example.com,2.01049E+11
CUST000078,Youssef Khaled,2.81922E+13,35,teacher,divorced,tertiary,no,1114709,yes,yes,cellular,13,534,61684,Excellent,High,youssef.khaled78@example.com,2.01051E+11
CUST000079,Sara Hassan,2.42103E+13,53,engineer,divorced,tertiary,no,808536,no,no,telephone,27,352,67306,Fair,High,sara.hassan79@example.com,2.01064E+11
CUST000080,Mahmoud Samir,3.36533E+13,85,blue-collar,married,tertiary,no,757456,yes,no,telephone,9,315,75450,Excellent,High,mahmoud.samir80@example.com,2.01093E+11
CUST000081,Sara Ibrahim,3.28289E+13,56,blue-collar,married,secondary,no,43709,no,yes,telephone,23,767,21966,Fair,Low,sara.ibrahim81@example.com,2.01033E+11
CUST000082,Ahmed Mostafa,2.59666E+13,63,blue-collar,divorced,secondary,no,152550,no,yes,cellular,11,489,50810,Fair,High,ahmed.mostafa82@example.com,2.01087E+11
CUST000083,Mahmoud Fathy,2.5921E+13,34,admin.,married,tertiary,no,326532,no,yes,cellular,5,667,65814,Fair,Medium,mahmoud.fathy83@example.com,2.01052E+11
CUST000084,Omar Ibrahim,3.24029E+13,37,teacher,married,tertiary,no,178491,no,yes,telephone,13,607,8904,Fair,Medium,omar.ibrahim84@example.com,2.01018E+11
CUST000085,Reem Ali,3.50618E+13,62,admin.,divorced,primary,no,3072,yes,yes,unknown,13,775,20239,Fair,Low,reem.ali85@example.com,2.01067E+11
CUST000086,Mohamed Hassan,2.28021E+13,52,teacher,single,primary,no,474695,yes,yes,cellular,31,376,47257,Excellent,High,mohamed.hassan86@example.com,2.01028E+11
CUST000087,Youssef Hassan,3.3707E+13,44,admin.,single,tertiary,no,1087328,yes,yes,telephone,6,674,54315,Fair,Medium,youssef.hassan87@example.com,2.01029E+11
CUST000088,Sara Hassan,2.86315E+13,47,entrepreneur,married,tertiary,no,474499,no,yes,unknown,31,807,28164,Good,Low,sara.hassan88@example.com,2.011E+11
CUST000089,Youssef Zekry,2.28062E+13,79,teacher,married,secondary,no,652320,yes,no,telephone,13,408,40967,Good,High,youssef.zekry89@example.com,2.01029E+11
CUST000090,Mohamed Samir,2.03181E+13,73,management,single,tertiary,no,517627,no,no,telephone,10,659,34489,Fair,Medium,mohamed.samir90@example.com,2.01089E+11
CUST000091,Mohamed Hassan,2.81844E+13,95,admin.,married,primary,no,558003,no,no,cellular,25,747,69951,Excellent,Low,mohamed.hassan91@example.com,2.01012E+11
CUST000092,Reem Zekry,2.74183E+13,64,admin.,single,secondary,no,767600,no,yes,telephone,18,594,63675,Fair,Medium,reem.zekry92@example.com,2.01058E+11
CUST000093,Ahmed Khaled,2.46664E+13,84,technician,married,tertiary,no,997772,no,no,telephone,10,517,49651,Fair,High,ahmed.khaled93@example.com,2.01026E+11
CUST000094,Sara Mostafa,3.44231E+13,45,management,divorced,secondary,no,141547,no,no,telephone,11,648,14073,Good,Medium,sara.mostafa94@example.com,2.01021E+11
CUST000095,Sara Zekry,2.15988E+13,66,admin.,divorced,primary,no,515574,no,yes,unknown,21,759,64915,Fair,Low,sara.zekry95@example.com,2.01066E+11
CUST000096,Omar Ali,2.76316E+13,24,blue-collar,married,primary,no,299909,no,yes,unknown,13,834,22687,Good,Low,omar.ali96@example.com,2.01031E+11
CUST000097,Ahmed Mahmoud,3.56657E+13,43,admin.,divorced,primary,no,1387883,no,no,cellular,6,811,77108,Fair,Low,ahmed.mahmoud97@example.com,2.01032E+11
CUST000098,Omar Ibrahim,3.26229E+13,80,management,single,secondary,no,98386,yes,no,cellular,20,803,51093,Fair,Low,omar.ibrahim98@example.com,2.01014E+11
CUST000099,Youssef Mahmoud,3.18333E+13,47,admin.,divorced,secondary,no,35317,no,yes,cellular,16,526,10390,Fair,High,youssef.mahmoud99@example.com,2.01052E+11
CUST000100,Mohamed Fathy,3.36403E+13,68,technician,single,tertiary,no,354790,no,no,telephone,19,525,29702,Excellent,High,mohamed.fathy100@example.com,2.01033E+11
CUST000101,Omar Khaled,2.57722E+13,49,technician,divorced,primary,no,38815,yes,yes,cellular,18,678,4783,Excellent,Medium,omar.khaled101@example.com,2.01099E+11
CUST000102,Sara Mostafa,2.08625E+13,59,engineer,married,secondary,no,75666,yes,no,telephone,23,379,77564,Excellent,High,sara.mostafa102@example.com,2.01072E+11
CUST000103,Youssef Ali,2.44368E+13,35,teacher,single,secondary,no,477650,no,yes,telephone,3,501,36652,Good,High,youssef.ali103@example.com,2.01081E+11
CUST000104,Sara Zekry,2.77235E+13,39,entrepreneur,single,tertiary,no,204483,no,no,unknown,26,362,16825,Good,High,sara.zekry104@example.com,2.01049E+11
CUST000105,Aya Adel,3.86756E+13,35,engineer,single,primary,no,161710,yes,yes,telephone,30,394,17890,Fair,High,aya.adel105@example.com,2.01069E+11
CUST000106,Mohamed Hassan,2.90035E+13,84,blue-collar,single,primary,no,373150,no,yes,cellular,4,762,24722,Good,Low,mohamed.hassan106@example.com,2.01041E+11
CUST000107,Nour Ali,2.80778E+13,93,management,married,primary,no,863111,no,yes,unknown,6,785,78839,Excellent,Low,nour.ali107@example.com,2.01019E+11
CUST000108,Youssef Mahmoud,2.87306E+13,79,engineer,married,primary,no,317628,yes,yes,cellular,23,571,78187,Fair,Medium,youssef.mahmoud108@example.com,2.01083E+11
CUST000109,Youssef Mostafa,3.3257E+13,93,teacher,married,primary,no,1433368,no,yes,unknown,27,757,79396,Good,Low,youssef.mostafa109@example.com,2.01072E+11
CUST000110,Mona Zekry,2.59066E+13,86,engineer,single,secondary,no,1011825,yes,yes,unknown,30,498,56163,Excellent,High,mona.zekry110@example.com,2.01059E+11
CUST000111,Youssef Ali,2.72254E+13,51,teacher,divorced,secondary,no,460415,no,yes,cellular,2,710,38519,Excellent,Low,youssef.ali111@example.com,2.01066E+11
CUST000112,Aya Ibrahim,3.52622E+13,32,admin.,single,secondary,no,249618,no,yes,telephone,13,461,63401,Fair,High,aya.ibrahim112@example.com,2.01081E+11
CUST000113,Mahmoud Adel,2.29172E+13,57,admin.,single,secondary,no,778041,no,yes,cellular,19,344,48330,Good,High,mahmoud.adel113@example.com,2.01035E+11
CUST000114,Aya Mostafa,3.13275E+13,55,technician,divorced,tertiary,no,1233022,yes,no,telephone,7,749,72808,Good,Low,aya.mostafa114@example.com,2.01058E+11
CUST000115,Aya Hassan,3.00174E+13,37,technician,married,primary,no,619812,yes,no,unknown,9,713,69376,Good,Low,aya.hassan115@example.com,2.01076E+11
CUST000116,Ahmed Hassan,3.00195E+13,51,technician,single,tertiary,yes,205175,yes,no,cellular,9,711,29331,Poor,High,ahmed.hassan116@example.com,2.01077E+11
CUST000117,Ahmed Fathy,2.72339E+13,88,engineer,married,primary,no,648504,no,no,cellular,24,510,32350,Excellent,High,ahmed.fathy117@example.com,2.01012E+11
CUST000118,Mahmoud Samir,2.39082E+13,61,management,divorced,primary,no,825897,yes,no,telephone,27,756,43580,Excellent,Low,mahmoud.samir118@example.com,2.01092E+11
CUST000119,Youssef Khaled,2.20868E+13,77,entrepreneur,married,secondary,no,64907,yes,yes,unknown,18,816,32709,Fair,Low,youssef.khaled119@example.com,2.01077E+11
CUST000120,Reem Fathy,2.83785E+13,23,technician,married,secondary,no,739708,yes,no,telephone,26,811,37226,Good,Low,reem.fathy120@example.com,2.01068E+11
CUST000121,Mona Khaled,3.05827E+13,91,engineer,single,secondary,no,24839,yes,no,unknown,28,603,14466,Excellent,Medium,mona.khaled121@example.com,2.01029E+11
CUST000122,Mahmoud Mahmoud,2.66793E+13,51,engineer,married,secondary,no,158536,yes,yes,cellular,29,705,40327,Excellent,Low,mahmoud.mahmoud122@example.com,2.01025E+11
CUST000123,Omar Adel,2.06776E+13,81,entrepreneur,divorced,tertiary,no,1485824,yes,no,unknown,10,405,74110,Excellent,High,omar.adel123@example.com,2.01065E+11
CUST000124,Reem Ibrahim,2.08986E+13,59,technician,divorced,primary,no,50770,no,yes,telephone,20,496,55304,Excellent,High,reem.ibrahim124@example.com,2.01013E+11
CUST000125,Nour Adel,3.13246E+13,72,management,married,tertiary,no,160009,no,yes,cellular,26,731,12103,Excellent,Low,nour.adel125@example.com,2.01073E+11
CUST000126,Mahmoud Khaled,2.67873E+13,44,engineer,single,primary,no,94408,no,no,telephone,8,715,12055,Fair,Low,mahmoud.khaled126@example.com,2.0107E+11
CUST000127,Aya Ali,3.27571E+13,26,blue-collar,divorced,tertiary,no,830580,no,no,cellular,18,553,64270,Fair,Medium,aya.ali127@example.com,2.01055E+11
CUST000128,Mahmoud Zekry,2.67414E+13,55,management,divorced,primary,no,908066,yes,no,unknown,11,363,50668,Good,High,mahmoud.zekry128@example.com,2.01019E+11
CUST000129,Mona Samir,3.54868E+13,81,entrepreneur,married,primary,no,1043854,yes,no,cellular,20,579,61482,Excellent,Medium,mona.samir129@example.com,2.01042E+11
CUST000130,Mona Zekry,3.52838E+13,46,technician,married,secondary,no,203088,no,no,cellular,26,726,20273,Excellent,Low,mona.zekry130@example.com,2.01049E+11
CUST000131,Aya Ibrahim,2.92561E+13,67,blue-collar,married,primary,no,694316,no,no,telephone,17,619,63443,Fair,Medium,aya.ibrahim131@example.com,2.01067E+11
CUST000132,Mahmoud Samir,3.62909E+13,86,admin.,divorced,secondary,no,226180,no,no,unknown,7,499,74095,Excellent,High,mahmoud.samir132@example.com,2.01047E+11
CUST000133,Reem Khaled,2.87855E+13,77,admin.,single,primary,no,104539,no,no,unknown,28,782,53882,Excellent,Low,reem.khaled133@example.com,2.01086E+11
CUST000134,Aya Samir,2.2056E+13,50,entrepreneur,single,primary,no,162631,yes,no,cellular,2,814,11751,Excellent,Low,aya.samir134@example.com,2.01013E+11
CUST000135,Nour Mahmoud,3.97727E+13,39,technician,single,tertiary,no,1351368,no,yes,telephone,16,394,70916,Excellent,High,nour.mahmoud135@example.com,2.01064E+11
CUST000136,Reem Fathy,2.78616E+13,75,management,married,tertiary,no,524546,yes,no,unknown,18,701,47636,Fair,Low,reem.fathy136@example.com,2.01034E+11
CUST000137,Reem Samir,2.10946E+13,77,management,divorced,tertiary,no,467691,yes,yes,cellular,6,662,51965,Fair,Medium,reem.samir137@example.com,2.01059E+11
CUST000138,Youssef Samir,2.25348E+13,60,admin.,married,secondary,no,640518,yes,no,unknown,12,535,53656,Excellent,High,youssef.samir138@example.com,2.01023E+11
CUST000139,Sara Adel,3.59156E+13,23,admin.,divorced,tertiary,no,166910,yes,yes,cellular,17,696,54548,Excellent,Medium,sara.adel139@example.com,2.0104E+11
CUST000140,Ahmed Mahmoud,3.11217E+13,32,entrepreneur,divorced,secondary,no,669909,no,yes,unknown,25,513,41963,Good,High,ahmed.mahmoud140@example.com,2.01098E+11
CUST000141,Reem Ibrahim,3.62133E+13,44,entrepreneur,single,tertiary,no,973387,yes,no,unknown,11,526,64562,Fair,High,reem.ibrahim141@example.com,2.01034E+11
CUST000142,Sara Hassan,3.22565E+13,89,management,single,tertiary,no,376705,no,yes,unknown,5,700,23336,Excellent,Low,sara.hassan142@example.com,2.0105E+11
CUST000143,Sara Adel,3.92154E+13,29,admin.,divorced,primary,no,189724,yes,yes,cellular,23,812,21271,Excellent,Low,sara.adel143@example.com,2.01032E+11
CUST000144,Omar Fathy,2.43273E+13,71,engineer,married,secondary,no,831997,yes,yes,telephone,4,316,49235,Fair,High,omar.fathy144@example.com,2.01093E+11
CUST000145,Mona Hassan,2.80811E+13,82,blue-collar,married,primary,no,-335,yes,yes,cellular,27,484,18238,Good,High,mona.hassan145@example.com,2.01034E+11
CUST000146,Nour Fathy,3.62816E+13,37,management,married,primary,no,413361,no,no,unknown,9,725,37568,Fair,Low,nour.fathy146@example.com,2.01036E+11
CUST000147,Youssef Samir,3.25501E+13,85,entrepreneur,divorced,primary,no,52804,no,yes,cellular,21,848,52677,Fair,Low,youssef.samir147@example.com,2.01013E+11
CUST000148,Ahmed Ali,2.46354E+13,84,entrepreneur,married,secondary,no,1590,yes,no,unknown,26,774,18536,Fair,Low,ahmed.ali148@example.com,2.01095E+11
CUST000149,Mahmoud Ali,2.30911E+13,87,management,married,primary,no,254703,no,yes,unknown,26,835,63242,Good,Low,mahmoud.ali149@example.com,2.01016E+11
CUST000150,Nour Adel,3.17274E+13,54,management,single,primary,no,1069164,no,yes,cellular,10,323,59499,Good,High,nour.adel150@example.com,2.01023E+11
CUST000151,Mona Ali,2.92114E+13,66,blue-collar,married,primary,no,64225,yes,yes,unknown,30,514,32007,Excellent,High,mona.ali151@example.com,2.01095E+11
CUST000152,Sara Ibrahim,2.45553E+13,54,entrepreneur,married,tertiary,no,710813,no,no,cellular,17,593,64389,Excellent,Medium,sara.ibrahim152@example.com,2.01051E+11
CUST000153,Mahmoud Mostafa,3.32976E+13,90,management,single,primary,no,792377,no,no,cellular,3,504,79650,Excellent,High,mahmoud.mostafa153@example.com,2.01066E+11
CUST000154,Mohamed Mahmoud,2.55979E+13,80,management,married,secondary,no,305,no,yes,telephone,31,539,37190,Good,High,mohamed.mahmoud154@example.com,2.0106E+11
CUST000155,Sara Ibrahim,3.33219E+13,68,entrepreneur,divorced,primary,no,715741,no,no,telephone,23,797,44808,Excellent,Low,sara.ibrahim155@example.com,2.01026E+11
CUST000156,Ahmed Zekry,2.39949E+13,93,admin.,divorced,tertiary,no,1083186,no,no,cellular,24,531,60131,Fair,High,ahmed.zekry156@example.com,2.01097E+11
CUST000157,Sara Zekry,3.88885E+13,71,entrepreneur,divorced,tertiary,no,181629,yes,yes,unknown,18,554,35998,Fair,Medium,sara.zekry157@example.com,2.01094E+11
CUST000158,Sara Hassan,2.22233E+13,51,blue-collar,divorced,tertiary,no,3900,no,no,unknown,23,829,67420,Fair,Low,sara.hassan158@example.com,2.0106E+11
CUST000159,Nour Khaled,2.19915E+13,46,teacher,divorced,primary,no,732146,yes,no,telephone,20,309,52223,Fair,High,nour.khaled159@example.com,2.0106E+11
CUST000160,Nour Zekry,3.64669E+13,55,admin.,married,secondary,no,1306198,yes,no,cellular,8,368,68862,Good,High,nour.zekry160@example.com,2.01065E+11
CUST000161,Ahmed Mostafa,3.74813E+13,77,entrepreneur,single,secondary,no,508804,no,yes,telephone,9,651,31671,Good,Medium,ahmed.mostafa161@example.com,2.01066E+11
CUST000162,Sara Mahmoud,2.03454E+13,74,technician,single,primary,no,736716,no,yes,unknown,22,644,61356,Excellent,Medium,sara.mahmoud162@example.com,2.01074E+11
CUST000163,Aya Zekry,3.70445E+13,40,technician,single,secondary,no,237121,yes,yes,telephone,10,387,21454,Excellent,High,aya.zekry163@example.com,2.01092E+11
CUST000164,Mahmoud Mahmoud,2.91174E+13,44,admin.,divorced,tertiary,no,128393,no,yes,cellular,17,633,14046,Fair,Medium,mahmoud.mahmoud164@example.com,2.01063E+11
CUST000165,Mohamed Samir,2.00337E+13,44,blue-collar,divorced,secondary,no,591973,no,yes,telephone,27,411,73547,Fair,High,mohamed.samir165@example.com,2.01048E+11
CUST000166,Nour Samir,3.64873E+13,34,teacher,single,tertiary,no,347191,no,no,unknown,11,570,28946,Good,Medium,nour.samir166@example.com,2.01042E+11
CUST000167,Sara Mostafa,3.19448E+13,72,engineer,divorced,secondary,no,132242,no,no,unknown,25,743,7611,Good,Low,sara.mostafa167@example.com,2.01057E+11
CUST000168,Nour Zekry,2.90717E+13,71,teacher,married,tertiary,no,118956,no,no,unknown,17,406,12983,Good,High,nour.zekry168@example.com,2.01081E+11
CUST000169,Reem Mostafa,3.26419E+13,73,engineer,single,tertiary,no,348721,yes,yes,telephone,18,668,34802,Good,Medium,reem.mostafa169@example.com,2.01064E+11
CUST000170,Nour Mostafa,2.75334E+13,89,blue-collar,married,primary,no,764613,yes,no,unknown,1,512,59046,Fair,High,nour.mostafa170@example.com,2.01019E+11
CUST000171,Aya Mostafa,2.21142E+13,82,technician,single,primary,yes,145318,no,yes,telephone,11,483,12090,Poor,High,aya.mostafa171@example.com,2.01068E+11
CUST000172,Youssef Mahmoud,3.55541E+13,75,technician,single,secondary,no,787491,yes,no,unknown,10,357,78330,Good,High,youssef.mahmoud172@example.com,2.01031E+11
CUST000173,Mohamed Ali,2.4019E+13,18,technician,single,tertiary,no,73398,no,yes,telephone,13,837,3752,Excellent,Low,mohamed.ali173@example.com,2.01036E+11
CUST000174,Mohamed Khaled,2.58107E+13,39,entrepreneur,divorced,tertiary,no,193161,no,no,cellular,29,601,11630,Good,Medium,mohamed.khaled174@example.com,2.01083E+11
CUST000175,Ahmed Mostafa,2.49187E+13,83,entrepreneur,single,secondary,no,60311,no,yes,telephone,18,495,59280,Excellent,High,ahmed.mostafa175@example.com,2.01012E+11
CUST000176,Nour Fathy,3.36642E+13,75,management,single,primary,no,574641,yes,no,unknown,6,463,36201,Excellent,High,nour.fathy176@example.com,2.01027E+11
CUST000177,Omar Hassan,2.35933E+13,34,blue-collar,divorced,tertiary,no,203212,no,no,unknown,14,704,39767,Good,Low,omar.hassan177@example.com,2.01038E+11
CUST000178,Reem Khaled,2.10772E+13,27,engineer,married,tertiary,no,741568,yes,no,telephone,14,752,37028,Good,Low,reem.khaled178@example.com,2.0109E+11
CUST000179,Reem Fathy,2.90266E+13,94,entrepreneur,divorced,tertiary,no,516560,no,yes,cellular,1,340,64985,Excellent,High,reem.fathy179@example.com,2.01071E+11
CUST000180,Sara Fathy,3.25841E+13,25,teacher,married,secondary,no,393019,yes,no,cellular,22,652,30612,Excellent,Medium,sara.fathy180@example.com,2.01042E+11
CUST000181,Nour Ali,2.8418E+13,42,admin.,married,primary,no,2455,yes,no,telephone,23,570,47673,Fair,Medium,nour.ali181@example.com,2.01054E+11
CUST000182,Youssef Samir,3.1927E+13,80,technician,divorced,tertiary,no,36417,yes,no,cellular,23,833,34951,Fair,Low,youssef.samir182@example.com,2.01088E+11
CUST000183,Omar Hassan,2.84273E+13,56,technician,divorced,secondary,no,140955,yes,no,cellular,24,726,46034,Excellent,Low,omar.hassan183@example.com,2.0107E+11
CUST000184,Nour Samir,2.18882E+13,65,management,married,primary,no,338040,no,no,cellular,2,813,56213,Fair,Low,nour.samir184@example.com,2.01063E+11
CUST000185,Nour Samir,3.87205E+13,55,technician,married,secondary,no,510604,yes,no,cellular,1,487,63623,Fair,High,nour.samir185@example.com,2.01067E+11
CUST000186,Youssef Mostafa,2.32193E+13,95,entrepreneur,single,tertiary,no,40014,yes,no,telephone,3,574,3078,Fair,Medium,youssef.mostafa186@example.com,2.01095E+11
CUST000187,Youssef Mostafa,3.85628E+13,35,entrepreneur,single,tertiary,no,105845,yes,yes,telephone,24,475,17452,Fair,High,youssef.mostafa187@example.com,2.01062E+11
CUST000188,Mahmoud Mostafa,2.70521E+13,35,management,single,primary,no,130563,yes,no,unknown,27,471,63093,Fair,High,mahmoud.mostafa188@example.com,2.01047E+11
CUST000189,Mona Samir,3.69658E+13,95,teacher,divorced,tertiary,no,107708,yes,yes,cellular,9,536,51562,Fair,High,mona.samir189@example.com,2.01026E+11
CUST000190,Mahmoud Samir,3.49406E+13,64,technician,married,secondary,no,750244,yes,yes,unknown,10,587,62173,Fair,Medium,mahmoud.samir190@example.com,2.0101E+11
CUST000191,Sara Mostafa,2.24239E+13,95,entrepreneur,divorced,primary,no,497833,yes,no,unknown,8,437,70448,Good,High,sara.mostafa191@example.com,2.01022E+11
CUST000192,Nour Zekry,2.73501E+13,22,engineer,married,tertiary,no,-3540,yes,yes,cellular,2,386,63305,Excellent,High,nour.zekry192@example.com,2.01053E+11
CUST000193,Reem Ali,3.55986E+13,82,technician,divorced,secondary,no,1034130,yes,yes,cellular,20,615,68747,Good,Medium,reem.ali193@example.com,2.01073E+11
CUST000194,Omar Ibrahim,2.37559E+13,93,entrepreneur,single,secondary,no,1128216,no,yes,cellular,26,328,70803,Good,High,omar.ibrahim194@example.com,2.01043E+11
CUST000195,Aya Hassan,2.80654E+13,43,entrepreneur,married,primary,no,246219,no,yes,telephone,4,380,30618,Good,High,aya.hassan195@example.com,2.01041E+11
CUST000196,Nour Samir,3.08153E+13,93,admin.,divorced,tertiary,no,442319,no,yes,unknown,16,818,44388,Good,Low,nour.samir196@example.com,2.01075E+11
CUST000197,Reem Ibrahim,3.568E+13,59,entrepreneur,divorced,primary,no,230683,no,no,unknown,31,501,18991,Excellent,High,reem.ibrahim197@example.com,2.01027E+11
CUST000198,Mona Hassan,2.06757E+13,76,teacher,single,secondary,no,1005815,no,no,telephone,9,649,59150,Excellent,Medium,mona.hassan198@example.com,2.01015E+11
CUST000199,Reem Ali,2.09362E+13,72,engineer,married,secondary,no,70658,yes,yes,unknown,3,741,14360,Good,Low,reem.ali199@example.com,2.01053E+11
CUST000200,Aya Khaled,3.59101E+13,67,teacher,divorced,primary,no,450450,no,yes,telephone,25,459,41323,Excellent,High,aya.khaled200@example.com,2.01098E+11
CUST000201,Nour Ibrahim,3.12848E+13,42,technician,divorced,tertiary,no,1042022,no,no,cellular,15,810,65140,Good,Low,nour.ibrahim201@example.com,2.01032E+11
CUST000202,Aya Mostafa,3.40669E+13,20,management,married,secondary,no,145028,yes,no,unknown,15,520,28554,Excellent,High,aya.mostafa202@example.com,2.01058E+11
CUST000203,Omar Khaled,2.70032E+13,87,technician,married,secondary,no,305822,no,no,cellular,20,323,25203,Excellent,High,omar.khaled203@example.com,2.01012E+11
CUST000204,Mahmoud Zekry,2.71648E+13,47,admin.,divorced,secondary,no,234960,no,no,cellular,29,529,26392,Excellent,High,mahmoud.zekry204@example.com,2.01052E+11
CUST000205,Nour Hassan,2.19264E+13,91,teacher,divorced,tertiary,no,1467281,yes,no,telephone,28,341,77426,Excellent,High,nour.hassan205@example.com,2.01069E+11
CUST000206,Aya Fathy,3.12123E+13,73,admin.,divorced,secondary,no,47978,yes,no,cellular,25,838,46229,Good,Low,aya.fathy206@example.com,2.01012E+11
CUST000207,Youssef Zekry,2.03896E+13,70,engineer,married,tertiary,no,244299,yes,yes,unknown,18,695,48889,Excellent,Medium,youssef.zekry207@example.com,2.01046E+11
CUST000208,Reem Ali,2.5418E+13,87,entrepreneur,divorced,primary,no,296711,yes,no,cellular,25,312,58556,Fair,High,reem.ali208@example.com,2.01041E+11
CUST000209,Reem Hassan,3.55667E+13,91,management,divorced,primary,no,633094,yes,yes,cellular,11,699,48746,Good,Medium,reem.hassan209@example.com,2.01096E+11
CUST000210,Ahmed Mostafa,3.2401E+13,95,admin.,single,primary,no,122921,yes,no,unknown,6,830,62812,Excellent,Low,ahmed.mostafa210@example.com,2.01016E+11
CUST000211,Reem Adel,3.4888E+13,81,entrepreneur,married,secondary,no,156105,no,no,unknown,25,839,19811,Fair,Low,reem.adel211@example.com,2.01044E+11
CUST000212,Mona Khaled,3.20843E+13,69,technician,divorced,tertiary,no,469,yes,yes,cellular,30,631,40804,Good,Medium,mona.khaled212@example.com,2.01029E+11
CUST000213,Youssef Mahmoud,2.53089E+13,83,engineer,single,tertiary,no,435760,yes,no,cellular,14,305,33627,Excellent,High,youssef.mahmoud213@example.com,2.01052E+11
CUST000214,Nour Zekry,3.40039E+13,92,management,divorced,tertiary,no,1007158,yes,no,unknown,12,634,59166,Good,Medium,nour.zekry214@example.com,2.01098E+11
CUST000215,Ahmed Fathy,3.67483E+13,87,teacher,single,secondary,no,391834,no,no,unknown,30,837,43547,Excellent,Low,ahmed.fathy215@example.com,2.01082E+11
CUST000216,Youssef Adel,3.20016E+13,30,engineer,married,tertiary,no,1406807,no,no,telephone,4,803,70432,Good,Low,youssef.adel216@example.com,2.01013E+11
CUST000217,Youssef Hassan,2.69739E+13,74,technician,single,secondary,no,16164,no,yes,cellular,18,629,13234,Fair,Medium,youssef.hassan217@example.com,2.01058E+11
CUST000218,Sara Ibrahim,3.27575E+13,44,management,married,secondary,no,453923,yes,yes,telephone,8,799,38232,Excellent,Low,sara.ibrahim218@example.com,2.01019E+11
CUST000219,Ahmed Zekry,2.27889E+13,35,teacher,single,tertiary,no,600077,no,no,cellular,8,740,50153,Excellent,Low,ahmed.zekry219@example.com,2.01059E+11
CUST000220,Mahmoud Adel,3.16984E+13,85,blue-collar,divorced,primary,no,228199,no,no,telephone,26,447,57117,Excellent,High,mahmoud.adel220@example.com,2.01096E+11
CUST000221,Ahmed Mostafa,2.3343E+13,85,teacher,divorced,primary,no,36595,yes,yes,cellular,24,827,11347,Good,Low,ahmed.mostafa221@example.com,2.01015E+11
CUST000222,Nour Mostafa,2.43347E+13,90,teacher,married,tertiary,no,59839,no,yes,cellular,4,409,10566,Fair,High,nour.mostafa222@example.com,2.01086E+11
CUST000223,Ahmed Samir,2.90532E+13,69,blue-collar,married,tertiary,no,437448,no,yes,unknown,27,447,36577,Good,High,ahmed.samir223@example.com,2.0105E+11
CUST000224,Mona Mahmoud,2.74505E+13,56,entrepreneur,divorced,secondary,no,139123,no,yes,cellular,31,381,70388,Fair,High,mona.mahmoud224@example.com,2.01047E+11
CUST000225,Mohamed Mahmoud,3.99895E+13,50,teacher,divorced,tertiary,no,-4717,yes,yes,unknown,20,673,29017,Fair,Medium,mohamed.mahmoud225@example.com,2.01075E+11
CUST000226,Mahmoud Adel,3.75827E+13,89,engineer,single,primary,no,507418,no,yes,telephone,24,437,27958,Good,High,mahmoud.adel226@example.com,2.01048E+11
CUST000227,Ahmed Ali,2.98647E+13,35,management,single,primary,no,85518,yes,no,unknown,30,718,20814,Excellent,Low,ahmed.ali227@example.com,2.01077E+11
CUST000228,Aya Zekry,2.54223E+13,35,engineer,married,secondary,no,338963,no,no,cellular,2,807,48364,Excellent,Low,aya.zekry228@example.com,2.01042E+11
CUST000229,Youssef Hassan,2.60385E+13,36,blue-collar,married,secondary,yes,701945,no,no,unknown,10,515,78303,Poor,High,youssef.hassan229@example.com,2.01024E+11
CUST000230,Ahmed Khaled,2.05142E+13,59,blue-collar,married,tertiary,no,169909,no,no,unknown,14,578,24594,Fair,Medium,ahmed.khaled230@example.com,2.01065E+11
CUST000231,Omar Hassan,3.40705E+13,48,management,single,primary,no,870162,yes,yes,telephone,22,312,51318,Excellent,High,omar.hassan231@example.com,2.01024E+11
CUST000232,Ahmed Ali,3.52596E+13,62,admin.,single,secondary,no,216313,yes,no,telephone,20,539,19398,Excellent,High,ahmed.ali232@example.com,2.01044E+11
CUST000233,Nour Mahmoud,2.16583E+13,65,entrepreneur,single,primary,no,-913,no,no,cellular,7,398,38158,Fair,High,nour.mahmoud233@example.com,2.0101E+11
CUST000234,Omar Khaled,3.17408E+13,63,teacher,married,tertiary,no,247182,yes,no,unknown,24,554,30683,Fair,Medium,omar.khaled234@example.com,2.01064E+11
CUST000235,Mohamed Khaled,3.22733E+13,29,admin.,married,tertiary,no,1224697,yes,yes,telephone,12,656,67795,Good,Medium,mohamed.khaled235@example.com,2.0108E+11
CUST000236,Mona Mahmoud,2.36009E+13,30,engineer,single,primary,no,157083,yes,no,unknown,20,469,39059,Fair,High,mona.mahmoud236@example.com,2.01045E+11
CUST000237,Mohamed Mahmoud,3.53877E+13,52,entrepreneur,divorced,primary,no,260882,no,no,telephone,4,607,43161,Good,Medium,mohamed.mahmoud237@example.com,2.01059E+11
CUST000238,Mahmoud Fathy,3.77262E+13,35,engineer,divorced,secondary,no,130543,no,no,unknown,28,455,33334,Good,High,mahmoud.fathy238@example.com,2.01093E+11
CUST000239,Mohamed Ali,2.20366E+13,38,management,married,primary,no,149790,no,no,cellular,28,713,76605,Excellent,Low,mohamed.ali239@example.com,2.01058E+11
CUST000240,Nour Zekry,3.98475E+13,22,engineer,single,secondary,no,1179390,yes,yes,cellular,30,778,69242,Good,Low,nour.zekry240@example.com,2.01015E+11
CUST000241,Mahmoud Adel,2.6507E+13,81,blue-collar,divorced,primary,no,50124,yes,no,telephone,29,340,4059,Good,High,mahmoud.adel241@example.com,2.01031E+11
CUST000242,Mona Hassan,3.2071E+13,77,admin.,married,tertiary,no,128736,yes,yes,telephone,12,695,41403,Good,Medium,mona.hassan242@example.com,2.01096E+11
CUST000243,Omar Ibrahim,2.35142E+13,47,technician,single,secondary,no,375582,no,yes,unknown,31,824,75719,Fair,Low,omar.ibrahim243@example.com,2.0103E+11
CUST000244,Nour Khaled,3.63744E+13,43,entrepreneur,divorced,primary,no,43494,yes,no,unknown,8,709,6506,Good,Low,nour.khaled244@example.com,2.01066E+11
CUST000245,Mona Mostafa,3.38158E+13,51,engineer,divorced,tertiary,no,60262,no,yes,cellular,6,694,62026,Fair,Medium,mona.mostafa245@example.com,2.01021E+11
CUST000246,Omar Hassan,2.50941E+13,22,admin.,single,primary,no,20467,yes,yes,unknown,4,508,6757,Excellent,High,omar.hassan246@example.com,2.0107E+11
CUST000247,Mohamed Adel,2.70851E+13,22,blue-collar,single,tertiary,no,257029,no,yes,telephone,15,567,50798,Excellent,Medium,mohamed.adel247@example.com,2.01077E+11
CUST000248,Aya Mahmoud,2.06581E+13,78,admin.,married,tertiary,no,232909,yes,no,unknown,10,712,46124,Good,Low,aya.mahmoud248@example.com,2.01014E+11
CUST000249,Aya Hassan,2.21959E+13,70,admin.,single,secondary,no,82456,no,no,unknown,10,454,42530,Good,High,aya.hassan249@example.com,2.01055E+11
CUST000250,Omar Mahmoud,3.97411E+13,70,management,single,tertiary,no,223204,yes,yes,telephone,24,596,10956,Fair,Medium,omar.mahmoud250@example.com,2.01047E+11
CUST000251,Nour Ali,3.08644E+13,25,engineer,married,primary,no,1320893,no,no,cellular,19,551,65847,Excellent,Medium,nour.ali251@example.com,2.01043E+11
CUST000252,Sara Ali,2.86015E+13,84,engineer,single,secondary,no,1053504,yes,yes,cellular,21,491,55323,Fair,High,sara.ali252@example.com,2.0107E+11
CUST000253,Reem Hassan,2.5815E+13,89,management,married,secondary,no,488612,no,no,unknown,18,398,28561,Good,High,reem.hassan253@example.com,2.01091E+11
CUST000254,Mahmoud Zekry,2.84719E+13,63,entrepreneur,divorced,primary,no,74407,yes,yes,unknown,20,825,14240,Good,Low,mahmoud.zekry254@example.com,2.0106E+11
CUST000255,Mahmoud Zekry,2.03837E+13,59,entrepreneur,married,primary,no,1004453,no,yes,telephone,31,751,50183,Good,Low,mahmoud.zekry255@example.com,2.01061E+11
CUST000256,Ahmed Mahmoud,3.12166E+13,43,admin.,divorced,tertiary,no,122717,yes,yes,telephone,17,560,20198,Excellent,Medium,ahmed.mahmoud256@example.com,2.01061E+11
CUST000257,Sara Ibrahim,2.95397E+13,74,technician,single,secondary,no,41762,no,yes,unknown,4,727,21658,Excellent,Low,sara.ibrahim257@example.com,2.01032E+11
CUST000258,Ahmed Adel,3.41558E+13,76,management,married,tertiary,no,57481,yes,no,telephone,5,422,4668,Good,High,ahmed.adel258@example.com,2.01033E+11
CUST000259,Aya Mahmoud,3.50297E+13,30,management,divorced,primary,no,267132,no,yes,unknown,30,835,26693,Fair,Low,aya.mahmoud259@example.com,2.0106E+11
CUST000260,Mona Mostafa,2.41712E+13,60,engineer,single,secondary,no,484983,yes,no,cellular,26,805,68798,Fair,Low,mona.mostafa260@example.com,2.01081E+11
CUST000261,Omar Mostafa,2.85846E+13,87,engineer,single,primary,no,965382,no,yes,unknown,15,665,64304,Fair,Medium,omar.mostafa261@example.com,2.0102E+11
CUST000262,Nour Mahmoud,3.59129E+13,21,admin.,single,tertiary,no,674072,no,no,cellular,30,519,35573,Good,High,nour.mahmoud262@example.com,2.0103E+11
CUST000263,Mohamed Zekry,2.17695E+13,74,teacher,married,secondary,no,828760,no,no,unknown,6,482,55509,Fair,High,mohamed.zekry263@example.com,2.01095E+11
CUST000264,Mona Hassan,3.61359E+13,25,entrepreneur,married,primary,no,583090,yes,yes,unknown,20,437,29363,Good,High,mona.hassan264@example.com,2.01034E+11
CUST000265,Mahmoud Zekry,2.99087E+13,45,management,married,tertiary,no,399153,yes,no,unknown,10,586,36487,Good,Medium,mahmoud.zekry265@example.com,2.01034E+11
CUST000266,Mohamed Mahmoud,2.21619E+13,18,admin.,married,tertiary,no,43409,yes,yes,unknown,21,422,7352,Good,High,mohamed.mahmoud266@example.com,2.01069E+11
CUST000267,Mona Adel,2.30612E+13,41,teacher,single,tertiary,no,107786,yes,yes,telephone,5,699,9804,Excellent,Medium,mona.adel267@example.com,2.01071E+11
CUST000268,Sara Samir,3.45696E+13,94,management,divorced,tertiary,no,484400,yes,no,cellular,5,343,69267,Excellent,High,sara.samir268@example.com,2.01082E+11
CUST000269,Aya Khaled,2.60014E+13,77,blue-collar,single,tertiary,no,218637,no,yes,telephone,1,338,72213,Fair,High,aya.khaled269@example.com,2.01015E+11
CUST000270,Sara Zekry,3.51931E+13,45,admin.,divorced,tertiary,no,1257135,no,yes,telephone,21,505,62897,Fair,High,sara.zekry270@example.com,2.01046E+11
CUST000271,Reem Khaled,2.26735E+13,51,management,single,secondary,no,87477,no,yes,telephone,29,494,9549,Fair,High,reem.khaled271@example.com,2.01082E+11
CUST000272,Nour Ali,3.09274E+13,93,admin.,divorced,primary,yes,1135252,no,yes,unknown,20,768,63125,Poor,High,nour.ali272@example.com,2.01067E+11
CUST000273,Sara Samir,2.58332E+13,38,management,single,tertiary,no,1425466,yes,yes,unknown,24,706,74850,Good,Low,sara.samir273@example.com,2.01094E+11
CUST000274,Mahmoud Mahmoud,2.60657E+13,38,entrepreneur,divorced,tertiary,no,48060,no,no,unknown,18,339,5298,Excellent,High,mahmoud.mahmoud274@example.com,2.01037E+11
CUST000275,Mahmoud Mostafa,2.81967E+13,59,blue-collar,married,secondary,no,111846,no,yes,unknown,21,368,11351,Fair,High,mahmoud.mostafa275@example.com,2.01031E+11
CUST000276,Sara Khaled,2.12098E+13,27,management,divorced,primary,no,145998,no,yes,cellular,30,381,10742,Fair,High,sara.khaled276@example.com,2.01017E+11
CUST000277,Mohamed Samir,2.62839E+13,77,admin.,divorced,tertiary,no,54963,yes,yes,telephone,7,619,4893,Good,Medium,mohamed.samir277@example.com,2.0108E+11
CUST000278,Ahmed Mostafa,2.86817E+13,88,management,married,primary,no,4968,yes,no,cellular,2,625,12168,Fair,Medium,ahmed.mostafa278@example.com,2.01056E+11
CUST000279,Mohamed Ali,3.25007E+13,41,entrepreneur,single,primary,no,47733,yes,yes,telephone,26,828,52672,Fair,Low,mohamed.ali279@example.com,2.01017E+11
CUST000280,Ahmed Ibrahim,3.12543E+13,81,management,divorced,primary,no,1196514,no,yes,telephone,28,371,66586,Good,High,ahmed.ibrahim280@example.com,2.01077E+11
CUST000281,Ahmed Mahmoud,3.62014E+13,45,management,divorced,secondary,no,242624,no,yes,cellular,14,697,20160,Good,Medium,ahmed.mahmoud281@example.com,2.01076E+11
CUST000282,Sara Hassan,3.97079E+13,89,teacher,married,secondary,no,167266,yes,no,unknown,29,398,15129,Fair,High,sara.hassan282@example.com,2.01047E+11
CUST000283,Mona Ibrahim,2.53357E+13,79,blue-collar,divorced,secondary,no,55075,no,no,unknown,8,695,16815,Fair,Medium,mona.ibrahim283@example.com,2.01084E+11
CUST000284,Mohamed Khaled,3.74564E+13,69,engineer,single,primary,no,293183,no,no,unknown,13,745,18385,Excellent,Low,mohamed.khaled284@example.com,2.01019E+11
CUST000285,Youssef Mostafa,2.70155E+13,95,admin.,single,primary,no,393438,no,yes,cellular,17,376,35667,Excellent,High,youssef.mostafa285@example.com,2.01079E+11
CUST000286,Aya Ali,2.83974E+13,32,technician,divorced,primary,no,779658,yes,no,cellular,8,753,71271,Fair,Low,aya.ali286@example.com,2.01048E+11
CUST000287,Omar Mahmoud,3.36439E+13,50,blue-collar,single,tertiary,no,606751,yes,no,unknown,5,373,40575,Fair,High,omar.mahmoud287@example.com,2.0104E+11
CUST000288,Mona Zekry,3.84919E+13,93,admin.,married,secondary,no,404135,yes,no,cellular,4,369,44793,Excellent,High,mona.zekry288@example.com,2.01034E+11
CUST000289,Mohamed Samir,2.1899E+13,79,admin.,divorced,secondary,no,20594,no,no,cellular,14,410,4594,Fair,High,mohamed.samir289@example.com,2.01068E+11
CUST000290,Mohamed Zekry,2.53344E+13,75,technician,single,secondary,no,124168,no,yes,cellular,30,760,62105,Fair,Low,mohamed.zekry290@example.com,2.01027E+11
CUST000291,Mona Mahmoud,3.12933E+13,94,blue-collar,single,secondary,no,697456,yes,no,telephone,12,756,69332,Good,Low,mona.mahmoud291@example.com,2.01067E+11
CUST000292,Reem Mostafa,3.63615E+13,18,admin.,married,tertiary,no,352496,no,no,cellular,23,375,50410,Excellent,High,reem.mostafa292@example.com,2.0108E+11
CUST000293,Youssef Samir,3.90251E+13,58,teacher,divorced,primary,no,403856,no,yes,unknown,5,401,24033,Good,High,youssef.samir293@example.com,2.01068E+11
CUST000294,Mohamed Khaled,2.91607E+13,81,teacher,married,tertiary,no,953202,yes,no,cellular,15,476,52707,Fair,High,mohamed.khaled294@example.com,2.01074E+11
CUST000295,Mahmoud Zekry,2.66901E+13,29,management,single,tertiary,no,365763,yes,no,cellular,10,426,24665,Good,High,mahmoud.zekry295@example.com,2.01059E+11
CUST000296,Mahmoud Fathy,3.00621E+13,51,blue-collar,divorced,secondary,no,229177,no,no,telephone,12,614,15394,Fair,Medium,mahmoud.fathy296@example.com,2.01024E+11
CUST000297,Ahmed Zekry,2.72865E+13,91,technician,single,primary,no,419909,no,no,unknown,3,634,29935,Good,Medium,ahmed.zekry297@example.com,2.01025E+11
CUST000298,Mahmoud Zekry,3.32295E+13,61,entrepreneur,married,tertiary,no,312364,yes,yes,cellular,25,530,31045,Excellent,High,mahmoud.zekry298@example.com,2.01095E+11
CUST000299,Mohamed Samir,2.02451E+13,90,entrepreneur,married,tertiary,no,47459,no,yes,telephone,19,418,21933,Fair,High,mohamed.samir299@example.com,2.01081E+11
CUST000300,Nour Mahmoud,3.27879E+13,74,teacher,divorced,primary,no,179078,yes,yes,unknown,26,788,35813,Good,Low,nour.mahmoud300@example.com,2.01035E+11
CUST000301,Nour Mahmoud,3.43795E+13,44,teacher,married,secondary,no,162632,yes,no,telephone,4,428,8547,Fair,High,nour.mahmoud301@example.com,2.01084E+11
CUST000302,Ahmed Ibrahim,3.13198E+13,31,teacher,married,primary,no,1008611,no,no,cellular,11,694,63082,Excellent,Medium,ahmed.ibrahim302@example.com,2.01052E+11
CUST000303,Aya Samir,3.43168E+13,50,blue-collar,single,primary,no,96396,yes,yes,cellular,16,522,24955,Excellent,High,aya.samir303@example.com,2.01093E+11
CUST000304,Ahmed Mostafa,2.90338E+13,23,blue-collar,married,tertiary,no,18515,no,yes,unknown,10,336,10521,Fair,High,ahmed.mostafa304@example.com,2.01064E+11
CUST000305,Mahmoud Zekry,2.12976E+13,90,engineer,single,secondary,no,147929,yes,no,unknown,31,669,36672,Good,Medium,mahmoud.zekry305@example.com,2.01021E+11
CUST000306,Aya Khaled,3.33803E+13,36,entrepreneur,married,secondary,no,662485,no,no,unknown,25,351,38803,Excellent,High,aya.khaled306@example.com,2.01022E+11
CUST000307,Omar Mahmoud,3.72207E+13,79,teacher,divorced,primary,no,603782,no,yes,cellular,31,816,39925,Good,Low,omar.mahmoud307@example.com,2.01084E+11
CUST000308,Nour Adel,3.70418E+13,24,technician,married,secondary,no,695015,yes,no,unknown,1,523,77128,Good,High,nour.adel308@example.com,2.01098E+11
CUST000309,Omar Fathy,2.85011E+13,21,technician,single,primary,no,753211,no,yes,unknown,6,468,62712,Fair,High,omar.fathy309@example.com,2.01092E+11
CUST000310,Mona Khaled,2.47661E+13,27,management,single,secondary,no,728409,no,no,cellular,16,536,40737,Good,High,mona.khaled310@example.com,2.0107E+11
CUST000311,Mohamed Mahmoud,2.99468E+13,54,entrepreneur,divorced,primary,no,523778,yes,yes,cellular,13,333,28981,Excellent,High,mohamed.mahmoud311@example.com,2.01054E+11
CUST000312,Mohamed Ali,2.62785E+13,29,admin.,single,tertiary,no,746666,yes,no,cellular,2,390,74905,Good,High,mohamed.ali312@example.com,2.01054E+11
CUST000313,Sara Khaled,2.14968E+13,64,entrepreneur,divorced,secondary,no,541928,no,no,unknown,2,634,33699,Excellent,Medium,sara.khaled313@example.com,2.01017E+11
CUST000314,Mahmoud Khaled,3.06081E+13,38,entrepreneur,single,tertiary,no,282,no,no,cellular,26,545,77572,Fair,High,mahmoud.khaled314@example.com,2.01072E+11
CUST000315,Mahmoud Samir,3.26481E+13,39,admin.,divorced,secondary,yes,38262,no,no,unknown,14,448,4306,Poor,High,mahmoud.samir315@example.com,2.01019E+11
CUST000316,Mohamed Mahmoud,3.56082E+13,57,technician,married,secondary,no,185878,yes,yes,telephone,13,445,37622,Good,High,mohamed.mahmoud316@example.com,2.01064E+11
CUST000317,Youssef Fathy,2.41942E+13,95,blue-collar,married,secondary,no,240321,no,no,unknown,10,805,34349,Excellent,Low,youssef.fathy317@example.com,2.0109E+11
CUST000318,Sara Khaled,2.09004E+13,40,admin.,divorced,tertiary,no,140252,yes,no,telephone,10,560,24000,Fair,Medium,sara.khaled318@example.com,2.01074E+11
CUST000319,Mona Zekry,2.33385E+13,80,entrepreneur,divorced,tertiary,no,22420,yes,yes,telephone,4,636,3688,Excellent,Medium,mona.zekry319@example.com,2.01083E+11
CUST000320,Mohamed Khaled,2.99222E+13,33,blue-collar,married,tertiary,no,171967,no,yes,telephone,27,713,43224,Fair,Low,mohamed.khaled320@example.com,2.01059E+11
CUST000321,Nour Fathy,3.88439E+13,78,technician,single,tertiary,no,1368106,yes,yes,unknown,15,517,76136,Good,High,nour.fathy321@example.com,2.0103E+11
CUST000322,Mona Zekry,3.93548E+13,67,blue-collar,single,primary,no,581792,yes,yes,unknown,25,456,36229,Good,High,mona.zekry322@example.com,2.01091E+11
CUST000323,Mona Samir,2.61157E+13,89,management,married,primary,no,1225414,yes,no,cellular,2,748,64458,Excellent,Low,mona.samir323@example.com,2.01024E+11
CUST000324,Ahmed Samir,2.09722E+13,33,teacher,divorced,secondary,no,135536,no,no,telephone,20,700,13476,Good,Low,ahmed.samir324@example.com,2.011E+11
CUST000325,Mahmoud Mostafa,3.60228E+13,35,management,married,secondary,no,50106,yes,no,cellular,28,747,27085,Good,Low,mahmoud.mostafa325@example.com,2.01057E+11
CUST000326,Sara Zekry,2.3064E+13,55,engineer,divorced,tertiary,no,234347,no,yes,telephone,4,486,12889,Fair,High,sara.zekry326@example.com,2.01023E+11
CUST000327,Reem Zekry,2.50507E+13,82,management,married,secondary,no,1325302,no,no,telephone,17,755,78211,Good,Low,reem.zekry327@example.com,2.01025E+11
CUST000328,Reem Fathy,3.47421E+13,28,admin.,single,secondary,no,70249,yes,yes,telephone,5,523,11065,Excellent,High,reem.fathy328@example.com,2.01048E+11
CUST000329,Mahmoud Fathy,3.09244E+13,36,management,single,secondary,no,-3854,yes,yes,telephone,14,391,24375,Excellent,High,mahmoud.fathy329@example.com,2.01049E+11
CUST000330,Youssef Mahmoud,3.91172E+13,25,engineer,single,primary,no,625098,no,no,unknown,28,509,51703,Excellent,High,youssef.mahmoud330@example.com,2.01087E+11
CUST000331,Sara Mahmoud,2.14544E+13,34,teacher,divorced,tertiary,no,347,no,yes,cellular,31,340,67992,Excellent,High,sara.mahmoud331@example.com,2.01081E+11
CUST000332,Mohamed Hassan,3.81829E+13,41,admin.,divorced,primary,no,94413,yes,no,telephone,24,438,47968,Good,High,mohamed.hassan332@example.com,2.01074E+11
CUST000333,Aya Zekry,3.62619E+13,71,teacher,married,primary,no,1172385,no,no,cellular,20,315,69110,Excellent,High,aya.zekry333@example.com,2.01017E+11
CUST000334,Mohamed Khaled,3.67986E+13,51,admin.,single,primary,no,176377,yes,no,cellular,5,364,60163,Good,High,mohamed.khaled334@example.com,2.01075E+11
CUST000335,Mahmoud Zekry,2.17823E+13,73,engineer,married,secondary,no,187224,yes,no,cellular,22,415,31655,Good,High,mahmoud.zekry335@example.com,2.01056E+11
CUST000336,Nour Hassan,2.46077E+13,40,admin.,divorced,tertiary,no,68028,no,yes,cellular,22,366,5033,Good,High,nour.hassan336@example.com,2.01018E+11
CUST000337,Sara Khaled,2.81075E+13,76,technician,divorced,primary,no,942090,yes,yes,unknown,23,502,49451,Good,High,sara.khaled337@example.com,2.01056E+11
CUST000338,Ahmed Ali,3.15078E+13,69,engineer,married,tertiary,no,365253,yes,yes,cellular,16,706,32853,Good,Low,ahmed.ali338@example.com,2.01092E+11
CUST000339,Sara Fathy,3.08579E+13,59,management,married,tertiary,no,373611,no,no,telephone,3,667,47062,Good,Medium,sara.fathy339@example.com,2.01029E+11
CUST000340,Mohamed Ibrahim,2.56877E+13,84,management,single,primary,no,377559,yes,no,telephone,3,667,18892,Excellent,Medium,mohamed.ibrahim340@example.com,2.01091E+11
CUST000341,Sara Samir,3.53731E+13,46,entrepreneur,divorced,secondary,no,73107,no,yes,telephone,25,482,75095,Good,High,sara.samir341@example.com,2.01057E+11
CUST000342,Mohamed Hassan,2.30607E+13,51,engineer,divorced,secondary,no,123537,no,yes,cellular,7,611,20773,Good,Medium,mohamed.hassan342@example.com,2.01038E+11
CUST000343,Youssef Ali,3.27999E+13,47,engineer,divorced,secondary,no,593391,no,yes,cellular,5,661,39571,Excellent,Medium,youssef.ali343@example.com,2.01044E+11
CUST000344,Youssef Ibrahim,3.9032E+13,22,teacher,single,tertiary,no,523004,yes,yes,telephone,30,307,75419,Good,High,youssef.ibrahim344@example.com,2.01082E+11
CUST000345,Aya Ali,3.21852E+13,37,teacher,single,primary,no,23804,yes,no,unknown,19,473,28244,Excellent,High,aya.ali345@example.com,2.01042E+11
CUST000346,Mahmoud Zekry,3.07849E+13,23,teacher,divorced,primary,no,352176,no,no,telephone,1,643,23635,Fair,Medium,mahmoud.zekry346@example.com,2.01088E+11
CUST000347,Mahmoud Ibrahim,3.92953E+13,36,engineer,single,tertiary,no,1234787,yes,yes,telephone,5,447,72786,Good,High,mahmoud.ibrahim347@example.com,2.01067E+11
CUST000348,Aya Mahmoud,3.6292E+13,82,technician,single,secondary,no,954743,yes,no,cellular,17,822,79356,Good,Low,aya.mahmoud348@example.com,2.01027E+11
CUST000349,Mona Zekry,3.9359E+13,87,management,married,tertiary,no,301102,no,no,cellular,7,774,27354,Excellent,Low,mona.zekry349@example.com,2.01034E+11
CUST000350,Mona Mahmoud,3.1065E+13,25,blue-collar,divorced,primary,no,91511,no,no,telephone,11,625,5434,Excellent,Medium,mona.mahmoud350@example.com,2.01038E+11
CUST000351,Mahmoud Mostafa,3.27027E+13,49,engineer,married,tertiary,no,177991,yes,no,unknown,30,356,11740,Excellent,High,mahmoud.mostafa351@example.com,2.01058E+11
CUST000352,Nour Ali,3.76932E+13,54,teacher,divorced,secondary,no,3868,no,yes,telephone,7,643,15102,Good,Medium,nour.ali352@example.com,2.01047E+11
CUST000353,Mahmoud Samir,2.49286E+13,63,technician,divorced,primary,no,527164,yes,yes,telephone,8,815,30871,Excellent,Low,mahmoud.samir353@example.com,2.01062E+11
CUST000354,Sara Mostafa,3.04242E+13,80,teacher,married,tertiary,no,862854,yes,yes,unknown,1,385,50610,Good,High,sara.mostafa354@example.com,2.01086E+11
CUST000355,Omar Adel,2.19332E+13,25,technician,married,tertiary,no,92444,no,yes,unknown,11,382,48498,Good,High,omar.adel355@example.com,2.0105E+11
CUST000356,Aya Fathy,3.94719E+13,73,management,divorced,tertiary,no,960741,yes,yes,telephone,21,640,53190,Fair,Medium,aya.fathy356@example.com,2.0109E+11
CUST000357,Aya Mostafa,3.58021E+13,92,technician,married,secondary,no,262066,no,yes,unknown,21,674,13837,Fair,Medium,aya.mostafa357@example.com,2.01064E+11
CUST000358,Reem Ali,2.42637E+13,55,admin.,married,tertiary,no,557833,no,yes,telephone,30,321,79674,Good,High,reem.ali358@example.com,2.01092E+11
CUST000359,Nour Zekry,3.9524E+13,40,entrepreneur,married,primary,no,118878,yes,yes,cellular,30,613,24476,Excellent,Medium,nour.zekry359@example.com,2.01029E+11
CUST000360,Omar Mahmoud,3.44346E+13,75,entrepreneur,married,secondary,no,286692,yes,no,telephone,30,385,40756,Excellent,High,omar.mahmoud360@example.com,2.01074E+11
CUST000361,Omar Fathy,3.1084E+13,39,engineer,single,primary,no,428578,yes,yes,unknown,31,312,23604,Good,High,omar.fathy361@example.com,2.01018E+11
CUST000362,Ahmed Zekry,2.80118E+13,24,engineer,divorced,tertiary,no,589563,yes,yes,cellular,1,479,59196,Good,High,ahmed.zekry362@example.com,2.0104E+11
CUST000363,Sara Adel,3.21846E+13,40,entrepreneur,divorced,tertiary,no,374603,yes,no,unknown,23,849,19830,Fair,Low,sara.adel363@example.com,2.01036E+11
CUST000364,Mona Mahmoud,3.53116E+13,27,blue-collar,married,secondary,no,372257,no,no,cellular,20,831,53867,Excellent,Low,mona.mahmoud364@example.com,2.01035E+11
CUST000365,Mahmoud Samir,3.08508E+13,28,teacher,married,primary,no,341425,no,no,unknown,8,409,43273,Excellent,High,mahmoud.samir365@example.com,2.01023E+11
CUST000366,Ahmed Mahmoud,3.84357E+13,40,technician,divorced,primary,no,247552,no,no,unknown,16,483,61305,Fair,High,ahmed.mahmoud366@example.com,2.01028E+11
CUST000367,Sara Khaled,3.54918E+13,47,admin.,divorced,tertiary,no,40614,yes,no,telephone,9,597,5662,Excellent,Medium,sara.khaled367@example.com,2.01049E+11
CUST000368,Nour Khaled,3.8357E+13,95,engineer,divorced,tertiary,no,132314,no,yes,telephone,17,723,45335,Excellent,Low,nour.khaled368@example.com,2.01087E+11
CUST000369,Mona Hassan,3.31246E+13,45,teacher,married,secondary,no,819803,yes,no,unknown,4,717,48112,Fair,Low,mona.hassan369@example.com,2.01078E+11
CUST000370,Ahmed Zekry,2.93931E+13,63,admin.,divorced,primary,no,785194,yes,yes,telephone,2,699,78596,Good,Medium,ahmed.zekry370@example.com,2.0108E+11
CUST000371,Mohamed Mahmoud,3.34822E+13,69,technician,divorced,primary,no,544861,no,yes,telephone,24,728,32215,Excellent,Low,mohamed.mahmoud371@example.com,2.01038E+11
CUST000372,Mahmoud Mahmoud,3.16092E+13,45,admin.,single,tertiary,no,556234,no,no,cellular,8,349,62295,Excellent,High,mahmoud.mahmoud372@example.com,2.01075E+11
CUST000373,Mohamed Hassan,2.05176E+13,65,teacher,married,secondary,no,1210238,yes,no,telephone,9,512,67431,Fair,High,mohamed.hassan373@example.com,2.0107E+11
CUST000374,Mona Fathy,2.96824E+13,25,entrepreneur,married,tertiary,no,79683,yes,yes,telephone,27,313,40850,Good,High,mona.fathy374@example.com,2.01039E+11
CUST000375,Aya Fathy,3.14485E+13,80,technician,married,tertiary,no,141318,yes,no,telephone,30,309,7580,Fair,High,aya.fathy375@example.com,2.01066E+11
CUST000376,Sara Samir,3.69782E+13,39,management,married,tertiary,no,456593,no,yes,telephone,5,847,30235,Fair,Low,sara.samir376@example.com,2.01056E+11
CUST000377,Sara Samir,2.50077E+13,21,blue-collar,married,tertiary,no,874756,no,yes,unknown,23,470,58569,Fair,High,sara.samir377@example.com,2.01022E+11
CUST000378,Ahmed Samir,2.59763E+13,92,technician,single,tertiary,no,118115,no,no,telephone,2,636,9012,Excellent,Medium,ahmed.samir378@example.com,2.01087E+11
CUST000379,Mona Khaled,3.26109E+13,93,teacher,married,secondary,no,533320,no,no,telephone,13,344,67019,Fair,High,mona.khaled379@example.com,2.01029E+11
CUST000380,Sara Mostafa,2.66462E+13,80,entrepreneur,married,tertiary,no,181979,yes,no,telephone,1,474,61123,Good,High,sara.mostafa380@example.com,2.01085E+11
CUST000381,Ahmed Ali,3.64773E+13,60,management,married,primary,no,1095095,yes,no,cellular,9,487,77872,Good,High,ahmed.ali381@example.com,2.01011E+11
CUST000382,Ahmed Fathy,3.48365E+13,92,engineer,single,secondary,no,382401,yes,no,cellular,19,821,42609,Excellent,Low,ahmed.fathy382@example.com,2.01023E+11
CUST000383,Mohamed Fathy,2.8667E+13,46,technician,divorced,tertiary,no,837076,no,yes,cellular,2,499,69853,Excellent,High,mohamed.fathy383@example.com,2.01056E+11
CUST000384,Sara Zekry,3.22584E+13,53,engineer,married,tertiary,no,473373,yes,no,unknown,15,614,59442,Fair,Medium,sara.zekry384@example.com,2.01015E+11
CUST000385,Nour Ali,2.13649E+13,41,management,divorced,secondary,no,135973,yes,no,telephone,16,416,17543,Good,High,nour.ali385@example.com,2.01089E+11
CUST000386,Ahmed Ibrahim,3.75184E+13,40,admin.,divorced,primary,no,39029,yes,no,cellular,10,356,6178,Excellent,High,ahmed.ibrahim386@example.com,2.01024E+11
CUST000387,Omar Mahmoud,2.32832E+13,66,engineer,married,secondary,no,32293,yes,no,telephone,15,811,9940,Fair,Low,omar.mahmoud387@example.com,2.01086E+11
CUST000388,Aya Adel,3.70648E+13,19,entrepreneur,divorced,tertiary,no,512661,no,yes,cellular,28,720,42704,Good,Low,aya.adel388@example.com,2.01017E+11
CUST000389,Mahmoud Mostafa,3.80641E+13,39,teacher,single,tertiary,yes,115582,yes,yes,cellular,30,519,28840,Poor,High,mahmoud.mostafa389@example.com,2.01088E+11
CUST000390,Aya Khaled,2.11599E+13,40,technician,single,secondary,no,356663,yes,yes,unknown,4,555,21217,Excellent,Medium,aya.khaled390@example.com,2.01042E+11
CUST000391,Mona Ibrahim,2.92961E+13,49,teacher,single,primary,no,533867,no,no,cellular,1,814,38333,Fair,Low,mona.ibrahim391@example.com,2.01044E+11
CUST000392,Reem Mahmoud,2.81165E+13,90,teacher,divorced,secondary,no,4502,yes,yes,telephone,17,747,30152,Fair,Low,reem.mahmoud392@example.com,2.0106E+11
CUST000393,Reem Ali,3.75783E+13,46,admin.,divorced,secondary,no,882829,no,no,unknown,4,416,58653,Fair,High,reem.ali393@example.com,2.01075E+11
CUST000394,Reem Mahmoud,3.26858E+13,30,blue-collar,single,primary,no,284726,no,yes,cellular,12,633,40289,Fair,Medium,reem.mahmoud394@example.com,2.01087E+11
CUST000395,Ahmed Mostafa,2.71108E+13,37,engineer,single,secondary,no,400538,yes,yes,cellular,27,665,31018,Good,Medium,ahmed.mostafa395@example.com,2.01053E+11
CUST000396,Mohamed Ali,2.64916E+13,74,admin.,married,secondary,no,268158,yes,no,telephone,28,689,20903,Fair,Medium,mohamed.ali396@example.com,2.01027E+11
CUST000397,Reem Ali,3.82454E+13,25,admin.,married,secondary,no,4318,no,no,telephone,4,632,3394,Excellent,Medium,reem.ali397@example.com,2.01035E+11
CUST000398,Sara Samir,2.31531E+13,23,management,married,secondary,no,640591,yes,yes,unknown,21,583,31865,Fair,Medium,sara.samir398@example.com,2.01059E+11
CUST000399,Mahmoud Samir,2.8544E+13,33,teacher,married,tertiary,no,133750,yes,yes,unknown,22,842,17059,Excellent,Low,mahmoud.samir399@example.com,2.01019E+11
CUST000400,Nour Hassan,2.31337E+13,55,management,divorced,tertiary,no,461956,yes,no,telephone,22,651,66323,Excellent,Medium,nour.hassan400@example.com,2.01082E+11
CUST000401,Mohamed Samir,2.24421E+13,37,admin.,single,secondary,no,300303,yes,yes,unknown,21,613,15887,Good,Medium,mohamed.samir401@example.com,2.01045E+11
CUST000402,Sara Ibrahim,2.41566E+13,37,management,divorced,primary,no,736217,yes,yes,unknown,11,475,73488,Fair,High,sara.ibrahim402@example.com,2.01063E+11
CUST000403,Mona Ali,3.57253E+13,60,engineer,married,tertiary,no,582933,no,yes,unknown,7,772,53394,Good,Low,mona.ali403@example.com,2.01045E+11
CUST000404,Mona Samir,2.07568E+13,48,technician,single,primary,no,59838,yes,no,unknown,15,395,61735,Good,High,mona.samir404@example.com,2.01012E+11
CUST000405,Nour Samir,2.54671E+13,45,entrepreneur,divorced,secondary,no,428365,no,no,telephone,20,662,53226,Good,Medium,nour.samir405@example.com,2.01028E+11
CUST000406,Aya Hassan,3.32829E+13,88,engineer,married,tertiary,no,232935,yes,yes,cellular,26,629,16629,Excellent,Medium,aya.hassan406@example.com,2.01078E+11
CUST000407,Mohamed Mostafa,3.53748E+13,73,technician,divorced,secondary,no,786042,yes,no,telephone,19,695,41469,Good,Medium,mohamed.mostafa407@example.com,2.01047E+11
CUST000408,Ahmed Ibrahim,3.86034E+13,92,admin.,divorced,secondary,no,775772,no,no,cellular,9,737,45736,Good,Low,ahmed.ibrahim408@example.com,2.01048E+11
CUST000409,Reem Khaled,2.42449E+13,26,management,married,primary,no,370426,yes,no,unknown,4,460,18560,Fair,High,reem.khaled409@example.com,2.01093E+11
CUST000410,Aya Zekry,2.02716E+13,78,entrepreneur,single,tertiary,no,405839,no,no,unknown,16,416,40311,Fair,High,aya.zekry410@example.com,2.01024E+11
CUST000411,Aya Ali,3.73573E+13,36,management,divorced,secondary,no,806815,yes,yes,telephone,14,748,44581,Fair,Low,aya.ali411@example.com,2.01073E+11
CUST000412,Aya Mahmoud,2.98739E+13,55,technician,divorced,secondary,no,105240,no,yes,telephone,20,564,52385,Excellent,Medium,aya.mahmoud412@example.com,2.01014E+11
CUST000413,Mohamed Samir,2.30341E+13,52,engineer,married,primary,no,215598,yes,no,unknown,17,310,52714,Good,High,mohamed.samir413@example.com,2.01094E+11
CUST000414,Nour Samir,2.87362E+13,83,blue-collar,divorced,tertiary,no,24576,no,yes,cellular,5,826,5315,Fair,Low,nour.samir414@example.com,2.01014E+11
CUST000415,Sara Ali,3.6376E+13,83,engineer,married,primary,no,179549,no,no,unknown,22,537,16466,Excellent,High,sara.ali415@example.com,2.011E+11
CUST000416,Reem Adel,3.3751E+13,84,entrepreneur,married,primary,no,34452,no,no,unknown,2,689,12387,Fair,Medium,reem.adel416@example.com,2.01015E+11
CUST000417,Mohamed Mahmoud,3.68751E+13,74,entrepreneur,divorced,secondary,no,298509,yes,no,unknown,8,581,43039,Excellent,Medium,mohamed.mahmoud417@example.com,2.01078E+11
CUST000418,Aya Ali,2.06995E+13,89,teacher,divorced,primary,no,214840,no,no,telephone,2,682,27405,Good,Medium,aya.ali418@example.com,2.01032E+11
CUST000419,Sara Mostafa,3.13219E+13,87,technician,married,secondary,no,387443,no,no,cellular,4,677,65180,Excellent,Medium,sara.mostafa419@example.com,2.01051E+11
CUST000420,Ahmed Adel,3.96282E+13,95,technician,divorced,primary,no,86263,no,yes,telephone,24,446,9320,Fair,High,ahmed.adel420@example.com,2.01082E+11
CUST000421,Mahmoud Mahmoud,3.64146E+13,29,management,married,tertiary,no,1126153,no,yes,telephone,25,395,62457,Good,High,mahmoud.mahmoud421@example.com,2.01012E+11
CUST000422,Nour Khaled,3.24707E+13,78,entrepreneur,married,tertiary,no,562550,yes,yes,unknown,21,567,70893,Excellent,Medium,nour.khaled422@example.com,2.0104E+11
CUST000423,Mohamed Zekry,2.4367E+13,50,technician,married,secondary,no,513611,no,no,unknown,2,316,57402,Good,High,mohamed.zekry423@example.com,2.01038E+11
CUST000424,Ahmed Fathy,3.58718E+13,66,management,married,secondary,no,425331,no,no,cellular,15,459,52833,Good,High,ahmed.fathy424@example.com,2.01054E+11
CUST000425,Reem Mostafa,2.63607E+13,92,entrepreneur,married,primary,no,241201,no,no,cellular,26,423,40297,Good,High,reem.mostafa425@example.com,2.01065E+11
CUST000426,Reem Khaled,3.88509E+13,35,technician,married,primary,no,363123,no,no,unknown,9,386,59696,Excellent,High,reem.khaled426@example.com,2.01069E+11
CUST000427,Sara Zekry,3.40258E+13,29,admin.,single,tertiary,no,660600,no,yes,cellular,10,797,47434,Fair,Low,sara.zekry427@example.com,2.01013E+11
CUST000428,Sara Mahmoud,3.89062E+13,42,entrepreneur,single,secondary,no,863611,no,no,telephone,12,834,61667,Fair,Low,sara.mahmoud428@example.com,2.01036E+11
CUST000429,Mahmoud Hassan,3.36192E+13,25,teacher,married,tertiary,no,354370,yes,no,unknown,17,842,50972,Excellent,Low,mahmoud.hassan429@example.com,2.01025E+11
CUST000430,Mahmoud Hassan,2.13183E+13,67,engineer,divorced,tertiary,no,29736,yes,yes,unknown,9,687,3928,Good,Medium,mahmoud.hassan430@example.com,2.01014E+11
CUST000431,Aya Zekry,2.2998E+13,56,teacher,divorced,tertiary,no,214905,no,no,telephone,13,639,26311,Fair,Medium,aya.zekry431@example.com,2.01016E+11
CUST000432,Aya Ali,3.09279E+13,63,technician,married,tertiary,no,59708,yes,no,telephone,18,524,11585,Good,High,aya.ali432@example.com,2.01022E+11
CUST000433,Sara Samir,2.57905E+13,67,blue-collar,single,secondary,no,38195,no,no,unknown,31,511,8331,Fair,High,sara.samir433@example.com,2.01024E+11
CUST000434,Mona Adel,3.7798E+13,61,blue-collar,divorced,primary,no,222248,yes,no,cellular,31,534,75060,Excellent,High,mona.adel434@example.com,2.01044E+11
CUST000435,Mohamed Mahmoud,2.4683E+13,44,blue-collar,single,tertiary,no,778948,no,no,telephone,26,330,60261,Excellent,High,mohamed.mahmoud435@example.com,2.01035E+11
CUST000436,Omar Ali,2.13616E+13,74,management,married,primary,no,546385,yes,no,cellular,28,503,60664,Fair,High,omar.ali436@example.com,2.01089E+11
CUST000437,Aya Ibrahim,3.21218E+13,72,entrepreneur,single,tertiary,no,244854,no,no,telephone,17,406,60582,Excellent,High,aya.ibrahim437@example.com,2.01077E+11
CUST000438,Nour Zekry,2.8156E+13,69,engineer,divorced,tertiary,no,67491,yes,no,telephone,24,308,22200,Good,High,nour.zekry438@example.com,2.01026E+11
CUST000439,Youssef Mahmoud,3.40857E+13,65,teacher,divorced,tertiary,no,311206,yes,yes,cellular,12,344,62214,Excellent,High,youssef.mahmoud439@example.com,2.01041E+11
CUST000440,Youssef Ali,3.36639E+13,21,entrepreneur,married,secondary,no,134489,yes,no,cellular,2,726,65166,Excellent,Low,youssef.ali440@example.com,2.01013E+11
CUST000441,Youssef Zekry,3.31272E+13,20,management,divorced,tertiary,no,382653,no,yes,telephone,29,491,42764,Good,High,youssef.zekry441@example.com,2.01031E+11
CUST000442,Youssef Mostafa,2.98635E+13,26,admin.,married,tertiary,no,-173,yes,no,telephone,11,599,65590,Excellent,Medium,youssef.mostafa442@example.com,2.01066E+11
CUST000443,Mohamed Samir,2.33055E+13,20,admin.,single,primary,no,36643,yes,no,telephone,22,642,20409,Good,Medium,mohamed.samir443@example.com,2.01031E+11
CUST000444,Mahmoud Zekry,2.43276E+13,52,technician,single,tertiary,yes,176339,yes,yes,telephone,3,629,44085,Poor,High,mahmoud.zekry444@example.com,2.01089E+11
CUST000445,Mohamed Adel,3.36843E+13,73,engineer,divorced,primary,no,289017,yes,yes,unknown,19,589,73208,Good,Medium,mohamed.adel445@example.com,2.01043E+11
CUST000446,Reem Mahmoud,2.53978E+13,65,technician,divorced,primary,no,199807,no,no,cellular,31,675,28007,Fair,Medium,reem.mahmoud446@example.com,2.01095E+11
CUST000447,Youssef Mostafa,2.39105E+13,27,entrepreneur,married,secondary,no,235165,yes,no,unknown,5,809,26253,Excellent,Low,youssef.mostafa447@example.com,2.01016E+11
CUST000448,Reem Samir,2.26052E+13,93,technician,married,tertiary,no,-4617,yes,no,cellular,1,796,26850,Excellent,Low,reem.samir448@example.com,2.01098E+11
CUST000449,Nour Adel,2.02693E+13,93,entrepreneur,married,primary,no,36268,yes,yes,telephone,28,300,12645,Excellent,High,nour.adel449@example.com,2.01078E+11
CUST000450,Reem Zekry,2.19568E+13,26,engineer,married,tertiary,no,584153,no,yes,telephone,30,617,65003,Fair,Medium,reem.zekry450@example.com,2.01088E+11
CUST000451,Aya Samir,2.02987E+13,85,engineer,married,secondary,no,-4207,yes,no,cellular,9,793,44578,Fair,Low,aya.samir451@example.com,2.01093E+11
CUST000452,Mona Adel,3.34725E+13,63,blue-collar,single,tertiary,no,1296869,yes,no,cellular,15,308,68324,Fair,High,mona.adel452@example.com,2.01014E+11
CUST000453,Aya Ali,2.85161E+13,81,blue-collar,divorced,secondary,no,77922,yes,no,telephone,22,375,15204,Fair,High,aya.ali453@example.com,2.01056E+11
CUST000454,Nour Hassan,2.56307E+13,83,entrepreneur,divorced,secondary,no,346062,yes,no,cellular,4,309,24918,Good,High,nour.hassan454@example.com,2.01023E+11
CUST000455,Youssef Fathy,3.646E+13,18,blue-collar,single,primary,no,1197568,no,yes,telephone,9,350,59772,Good,High,youssef.fathy455@example.com,2.0105E+11
CUST000456,Sara Zekry,2.51836E+13,30,blue-collar,single,tertiary,no,114960,no,yes,telephone,5,443,37186,Good,High,sara.zekry456@example.com,2.01088E+11
CUST000457,Mahmoud Adel,3.19003E+13,48,teacher,divorced,tertiary,no,154569,no,no,unknown,22,661,38929,Good,Medium,mahmoud.adel457@example.com,2.0102E+11
CUST000458,Ahmed Khaled,2.56292E+13,67,teacher,single,tertiary,no,235615,yes,yes,cellular,8,663,15422,Fair,Medium,ahmed.khaled458@example.com,2.01081E+11
CUST000459,Mohamed Mostafa,2.42842E+13,93,management,married,primary,no,173186,yes,yes,telephone,27,811,24398,Good,Low,mohamed.mostafa459@example.com,2.01051E+11
CUST000460,Reem Hassan,2.8112E+13,76,blue-collar,divorced,tertiary,no,1075760,yes,no,telephone,20,336,71502,Fair,High,reem.hassan460@example.com,2.01062E+11
CUST000461,Mona Mostafa,2.8085E+13,45,admin.,divorced,primary,no,130121,yes,yes,telephone,6,770,26308,Excellent,Low,mona.mostafa461@example.com,2.01039E+11
CUST000462,Mahmoud Samir,3.2174E+13,82,management,married,secondary,no,378431,no,no,telephone,2,715,47851,Good,Low,mahmoud.samir462@example.com,2.01045E+11
CUST000463,Mona Khaled,2.8846E+13,24,teacher,single,tertiary,no,464357,yes,no,telephone,3,600,25542,Good,Medium,mona.khaled463@example.com,2.01041E+11
CUST000464,Ahmed Mostafa,3.26073E+13,92,entrepreneur,married,primary,no,173207,yes,yes,cellular,12,564,21051,Excellent,Medium,ahmed.mostafa464@example.com,2.01077E+11
CUST000465,Mohamed Mahmoud,3.44457E+13,74,engineer,divorced,primary,no,4850,no,no,cellular,23,361,71260,Good,High,mohamed.mahmoud465@example.com,2.01069E+11
CUST000466,Mohamed Ali,3.03153E+13,91,blue-collar,married,primary,no,258151,yes,no,cellular,1,580,15286,Fair,Medium,mohamed.ali466@example.com,2.01087E+11
CUST000467,Mona Zekry,2.41239E+13,94,engineer,divorced,secondary,no,238500,yes,no,unknown,17,496,34469,Fair,High,mona.zekry467@example.com,2.01023E+11
CUST000468,Mona Khaled,3.27048E+13,62,blue-collar,divorced,tertiary,no,1449547,yes,yes,unknown,7,827,72682,Fair,Low,mona.khaled468@example.com,2.01059E+11
CUST000469,Omar Adel,2.06865E+13,62,admin.,divorced,secondary,no,391725,yes,yes,unknown,18,824,78754,Fair,Low,omar.adel469@example.com,2.01034E+11
CUST000470,Sara Mahmoud,2.18669E+13,38,management,single,secondary,no,690427,no,no,telephone,5,441,43308,Excellent,High,sara.mahmoud470@example.com,2.01062E+11
CUST000471,Sara Fathy,2.6659E+13,85,management,divorced,secondary,no,259912,no,no,unknown,11,640,12818,Excellent,Medium,sara.fathy471@example.com,2.01037E+11
CUST000472,Youssef Mostafa,3.84579E+13,28,technician,married,primary,no,233432,yes,no,cellular,11,301,25854,Excellent,High,youssef.mostafa472@example.com,2.01094E+11
CUST000473,Sara Zekry,2.63476E+13,75,technician,married,primary,no,310413,yes,no,cellular,10,596,44496,Good,Medium,sara.zekry473@example.com,2.01045E+11
CUST000474,Youssef Ibrahim,2.43337E+13,93,management,single,secondary,no,75246,yes,no,telephone,31,844,75393,Good,Low,youssef.ibrahim474@example.com,2.01086E+11
CUST000475,Sara Khaled,3.94271E+13,62,technician,married,secondary,no,12768,yes,no,telephone,15,487,11640,Fair,High,sara.khaled475@example.com,2.01046E+11
CUST000476,Ahmed Fathy,3.23607E+13,73,admin.,married,tertiary,no,468192,yes,yes,telephone,10,583,52147,Excellent,Medium,ahmed.fathy476@example.com,2.01096E+11
CUST000477,Aya Ali,3.98005E+13,48,admin.,divorced,primary,no,867031,no,no,telephone,14,763,78486,Fair,Low,aya.ali477@example.com,2.01089E+11
CUST000478,Mahmoud Mahmoud,3.59991E+13,88,management,divorced,primary,no,33812,yes,no,telephone,8,686,37068,Good,Medium,mahmoud.mahmoud478@example.com,2.0109E+11
CUST000479,Reem Ali,3.92087E+13,92,entrepreneur,single,secondary,no,1126371,yes,yes,unknown,5,686,70091,Excellent,Medium,reem.ali479@example.com,2.01053E+11
CUST000480,Reem Mahmoud,3.73166E+13,24,admin.,married,secondary,no,598890,no,no,telephone,30,343,60076,Good,High,reem.mahmoud480@example.com,2.01067E+11
CUST000481,Mahmoud Mostafa,2.88794E+13,47,teacher,married,secondary,no,17147,yes,no,cellular,31,610,5735,Fair,Medium,mahmoud.mostafa481@example.com,2.01017E+11
CUST000482,Mona Adel,3.16704E+13,32,blue-collar,single,secondary,no,477524,no,no,unknown,5,704,78848,Good,Low,mona.adel482@example.com,2.01019E+11
CUST000483,Sara Hassan,2.29543E+13,43,engineer,divorced,secondary,no,122157,yes,no,cellular,28,379,24280,Fair,High,sara.hassan483@example.com,2.01089E+11
CUST000484,Youssef Hassan,2.74342E+13,74,entrepreneur,married,tertiary,no,-4330,yes,no,telephone,4,307,37379,Excellent,High,youssef.hassan484@example.com,2.01073E+11
CUST000485,Ahmed Adel,2.78138E+13,95,admin.,married,secondary,no,16710,yes,no,telephone,15,836,9449,Excellent,Low,ahmed.adel485@example.com,2.01027E+11
CUST000486,Ahmed Ibrahim,3.17047E+13,86,technician,divorced,secondary,no,47876,no,no,telephone,10,849,6938,Good,Low,ahmed.ibrahim486@example.com,2.01084E+11
CUST000487,Mohamed Samir,3.75771E+13,52,engineer,married,tertiary,no,119718,no,no,telephone,6,802,30357,Excellent,Low,mohamed.samir487@example.com,2.01023E+11
CUST000488,Mahmoud Samir,2.55785E+13,23,engineer,divorced,primary,no,1443002,no,yes,telephone,25,696,75923,Good,Medium,mahmoud.samir488@example.com,2.01071E+11
CUST000489,Nour Ibrahim,2.1153E+13,19,engineer,married,tertiary,no,325934,no,yes,unknown,3,344,65346,Fair,High,nour.ibrahim489@example.com,2.01043E+11
CUST000490,Mohamed Mostafa,3.9082E+13,88,blue-collar,divorced,primary,no,264246,no,yes,unknown,13,637,43444,Good,Medium,mohamed.mostafa490@example.com,2.01092E+11
CUST000491,Mohamed Ali,3.2219E+13,49,blue-collar,married,secondary,no,1103377,no,yes,unknown,10,366,73485,Fair,High,mohamed.ali491@example.com,2.01082E+11
CUST000492,Omar Ali,3.33807E+13,62,teacher,single,secondary,no,184605,no,no,unknown,3,690,12547,Excellent,Medium,omar.ali492@example.com,2.01094E+11
CUST000493,Mohamed Adel,2.17438E+13,76,blue-collar,divorced,secondary,no,942120,no,no,cellular,7,539,55686,Fair,High,mohamed.adel493@example.com,2.01075E+11
CUST000494,Youssef Khaled,2.32958E+13,19,teacher,divorced,primary,no,632541,no,no,telephone,1,395,33442,Fair,High,youssef.khaled494@example.com,2.01031E+11
CUST000495,Aya Ali,3.73763E+13,46,admin.,divorced,secondary,no,101827,yes,yes,telephone,31,397,17735,Good,High,aya.ali495@example.com,2.01021E+11
CUST000496,Ahmed Ibrahim,2.39114E+13,78,admin.,single,secondary,no,1377506,yes,no,unknown,3,444,72604,Fair,High,ahmed.ibrahim496@example.com,2.0106E+11
CUST000497,Mohamed Fathy,3.11134E+13,30,admin.,married,secondary,no,243520,yes,yes,telephone,28,514,61686,Fair,High,mohamed.fathy497@example.com,2.01078E+11
CUST000498,Ahmed Khaled,3.73641E+13,91,teacher,married,secondary,no,3530,no,no,telephone,3,450,41343,Fair,High,ahmed.khaled498@example.com,2.01043E+11
CUST000499,Omar Mostafa,3.39492E+13,74,engineer,single,tertiary,no,147406,yes,no,unknown,9,713,10594,Excellent,Low,omar.mostafa499@example.com,2.01099E+11
CUST000500,Youssef Khaled,2.60834E+13,30,blue-collar,married,primary,no,1034993,no,yes,telephone,10,678,51561,Fair,Medium,youssef.khaled500@example.com,2.01035E+11
CUST000501,Ahmed Ibrahim,2.90123E+13,40,admin.,divorced,secondary,no,934694,no,yes,cellular,26,681,51921,Fair,Medium,ahmed.ibrahim501@example.com,2.0103E+11
CUST000502,Mohamed Adel,2.69123E+13,84,management,married,secondary,no,278808,yes,no,telephone,3,311,28031,Excellent,High,mohamed.adel502@example.com,2.01081E+11
CUST000503,Mahmoud Fathy,3.77598E+13,82,entrepreneur,married,tertiary,yes,583411,yes,no,cellular,21,701,64440,Poor,High,mahmoud.fathy503@example.com,2.01051E+11
CUST000504,Sara Khaled,2.76978E+13,20,technician,divorced,tertiary,no,393631,no,no,unknown,22,470,20761,Fair,High,sara.khaled504@example.com,2.0106E+11
CUST000505,Omar Mostafa,3.62283E+13,49,blue-collar,single,secondary,no,997810,yes,no,telephone,27,421,76556,Fair,High,omar.mostafa505@example.com,2.01013E+11
CUST000506,Youssef Ibrahim,3.61911E+13,76,management,married,secondary,no,138208,yes,no,cellular,17,430,10721,Excellent,High,youssef.ibrahim506@example.com,2.0105E+11
CUST000507,Omar Zekry,3.23509E+13,59,engineer,single,primary,no,454277,yes,yes,unknown,13,774,57081,Good,Low,omar.zekry507@example.com,2.01011E+11
CUST000508,Youssef Ali,2.20071E+13,90,admin.,married,primary,no,446619,yes,no,unknown,19,433,74292,Good,High,youssef.ali508@example.com,2.01033E+11
CUST000509,Ahmed Khaled,2.91629E+13,64,technician,divorced,primary,no,163275,no,yes,cellular,28,362,54118,Excellent,High,ahmed.khaled509@example.com,2.01021E+11
CUST000510,Omar Ali,2.01986E+13,49,admin.,married,tertiary,no,373070,no,yes,cellular,21,475,74811,Fair,High,omar.ali510@example.com,2.01012E+11
CUST000511,Mohamed Fathy,3.92781E+13,31,technician,single,primary,no,866534,no,yes,unknown,11,502,61654,Good,High,mohamed.fathy511@example.com,2.01012E+11
CUST000512,Mona Zekry,2.64097E+13,30,technician,divorced,secondary,no,1108574,no,no,telephone,24,625,73797,Excellent,Medium,mona.zekry512@example.com,2.01062E+11
CUST000513,Reem Mostafa,2.85761E+13,59,entrepreneur,single,primary,no,633922,yes,no,unknown,24,805,42084,Excellent,Low,reem.mostafa513@example.com,2.01087E+11
CUST000514,Omar Khaled,2.29318E+13,43,management,married,secondary,no,31971,no,yes,unknown,1,710,32503,Fair,Low,omar.khaled514@example.com,2.01013E+11
CUST000515,Ahmed Mahmoud,3.76116E+13,71,admin.,single,primary,no,346366,no,no,telephone,24,319,24404,Good,High,ahmed.mahmoud515@example.com,2.01089E+11
CUST000516,Reem Ibrahim,2.37069E+13,42,admin.,divorced,tertiary,no,908824,yes,yes,unknown,20,795,50550,Good,Low,reem.ibrahim516@example.com,2.01078E+11
CUST000517,Ahmed Adel,2.60969E+13,20,entrepreneur,single,primary,no,224478,no,no,telephone,16,306,27469,Fair,High,ahmed.adel517@example.com,2.01041E+11
CUST000518,Reem Zekry,2.07508E+13,86,teacher,single,secondary,no,279842,yes,no,cellular,26,647,34833,Good,Medium,reem.zekry518@example.com,2.0105E+11
CUST000519,Aya Samir,2.06773E+13,20,management,divorced,primary,no,731309,yes,no,unknown,25,472,42868,Fair,High,aya.samir519@example.com,2.01032E+11
CUST000520,Aya Adel,2.22579E+13,66,entrepreneur,single,secondary,no,307180,yes,no,cellular,17,778,60486,Fair,Low,aya.adel520@example.com,2.01019E+11
CUST000521,Sara Samir,2.72964E+13,80,entrepreneur,single,primary,no,124906,no,no,cellular,14,402,20589,Good,High,sara.samir521@example.com,2.01016E+11
CUST000522,Ahmed Hassan,3.15361E+13,72,engineer,single,tertiary,no,969270,no,yes,unknown,4,310,74722,Fair,High,ahmed.hassan522@example.com,2.011E+11
CUST000523,Youssef Mahmoud,2.17219E+13,65,entrepreneur,married,primary,no,149939,yes,yes,telephone,17,547,37022,Excellent,High,youssef.mahmoud523@example.com,2.01037E+11
CUST000524,Omar Mostafa,3.90929E+13,53,blue-collar,married,tertiary,no,495619,no,yes,unknown,2,675,25999,Excellent,Medium,omar.mostafa524@example.com,2.01046E+11
CUST000525,Mona Hassan,2.28075E+13,79,technician,married,secondary,no,-3650,yes,no,unknown,17,842,16370,Excellent,Low,mona.hassan525@example.com,2.01059E+11
CUST000526,Reem Adel,3.68281E+13,62,management,married,primary,no,9808,no,yes,unknown,28,836,12744,Excellent,Low,reem.adel526@example.com,2.01082E+11
CUST000527,Reem Khaled,3.51964E+13,38,teacher,married,primary,no,557965,yes,yes,unknown,23,579,39798,Excellent,Medium,reem.khaled527@example.com,2.01012E+11
CUST000528,Reem Mostafa,3.94417E+13,43,technician,divorced,tertiary,no,954851,no,no,cellular,20,646,68427,Fair,Medium,reem.mostafa528@example.com,2.01059E+11
CUST000529,Reem Fathy,2.55964E+13,29,technician,single,primary,no,573263,yes,no,telephone,13,444,72004,Excellent,High,reem.fathy529@example.com,2.01019E+11
CUST000530,Mona Adel,2.05745E+13,49,admin.,divorced,secondary,yes,1224522,no,no,telephone,22,329,76688,Poor,High,mona.adel530@example.com,2.01069E+11
CUST000531,Ahmed Mostafa,2.01617E+13,41,engineer,single,primary,no,1388689,yes,no,cellular,19,512,73087,Fair,High,ahmed.mostafa531@example.com,2.01096E+11
CUST000532,Mona Mostafa,2.34659E+13,44,teacher,single,tertiary,no,92165,no,yes,cellular,20,702,5204,Good,Low,mona.mostafa532@example.com,2.01012E+11
CUST000533,Mohamed Samir,3.42354E+13,44,admin.,married,secondary,no,151177,yes,yes,telephone,13,663,48744,Good,Medium,mohamed.samir533@example.com,2.01064E+11
CUST000534,Reem Mostafa,2.28942E+13,51,admin.,married,primary,no,484145,no,yes,telephone,27,703,24064,Excellent,Low,reem.mostafa534@example.com,2.01038E+11
CUST000535,Reem Khaled,3.10398E+13,67,entrepreneur,single,primary,no,572491,no,yes,unknown,23,401,71854,Good,High,reem.khaled535@example.com,2.01057E+11
CUST000536,Mona Ali,2.26572E+13,81,blue-collar,single,secondary,no,222631,no,no,unknown,21,584,56297,Good,Medium,mona.ali536@example.com,2.01087E+11
CUST000537,Mona Zekry,2.13208E+13,23,blue-collar,single,primary,no,111368,no,no,unknown,2,836,10748,Fair,Low,mona.zekry537@example.com,2.0102E+11
CUST000538,Ahmed Khaled,2.70011E+13,19,technician,married,tertiary,no,249184,no,yes,telephone,25,552,12651,Excellent,Medium,ahmed.khaled538@example.com,2.01033E+11
CUST000539,Youssef Mahmoud,3.7499E+13,77,technician,single,tertiary,no,607547,no,yes,unknown,31,646,75382,Fair,Medium,youssef.mahmoud539@example.com,2.01066E+11
CUST000540,Mona Mahmoud,3.80741E+13,21,management,divorced,tertiary,no,274524,yes,yes,cellular,20,387,69713,Fair,High,mona.mahmoud540@example.com,2.01073E+11
CUST000541,Mona Zekry,2.47368E+13,54,admin.,single,tertiary,no,467046,no,no,telephone,1,797,33433,Excellent,Low,mona.zekry541@example.com,2.01014E+11
CUST000542,Mona Khaled,2.24104E+13,45,teacher,single,secondary,no,59759,no,no,telephone,26,567,6181,Good,Medium,mona.khaled542@example.com,2.01065E+11
CUST000543,Nour Zekry,2.6899E+13,36,teacher,married,tertiary,no,1033607,yes,no,unknown,21,717,64341,Fair,Low,nour.zekry543@example.com,2.01029E+11
CUST000544,Omar Samir,2.80598E+13,65,admin.,divorced,tertiary,no,410268,yes,yes,cellular,13,315,58774,Excellent,High,omar.samir544@example.com,2.01079E+11
CUST000545,Reem Mostafa,3.69497E+13,44,admin.,married,primary,no,183252,no,yes,telephone,29,774,23091,Fair,Low,reem.mostafa545@example.com,2.01042E+11
CUST000546,Aya Mahmoud,3.11838E+13,24,blue-collar,married,tertiary,no,73650,no,yes,unknown,15,486,75195,Good,High,aya.mahmoud546@example.com,2.01054E+11
CUST000547,Youssef Ibrahim,2.32624E+13,22,engineer,married,tertiary,no,820858,yes,no,telephone,5,701,48080,Excellent,Low,youssef.ibrahim547@example.com,2.01046E+11
CUST000548,Sara Ali,2.50769E+13,19,admin.,single,tertiary,no,455291,yes,no,telephone,24,431,23002,Fair,High,sara.ali548@example.com,2.0109E+11
CUST000549,Reem Ibrahim,2.86238E+13,28,blue-collar,single,primary,no,254315,no,yes,unknown,31,552,51282,Fair,Medium,reem.ibrahim549@example.com,2.01087E+11
CUST000550,Mohamed Zekry,2.06905E+13,20,blue-collar,divorced,secondary,no,242137,no,yes,cellular,23,743,26638,Fair,Low,mohamed.zekry550@example.com,2.01096E+11
CUST000551,Mona Ibrahim,2.36184E+13,28,admin.,divorced,tertiary,no,570055,yes,yes,cellular,13,351,47639,Good,High,mona.ibrahim551@example.com,2.01098E+11
CUST000552,Sara Mahmoud,2.61126E+13,73,engineer,divorced,tertiary,no,191464,yes,no,cellular,17,791,32239,Excellent,Low,sara.mahmoud552@example.com,2.0105E+11
CUST000553,Youssef Fathy,3.92567E+13,80,technician,divorced,secondary,no,535820,yes,no,cellular,1,575,26825,Good,Medium,youssef.fathy553@example.com,2.0102E+11
CUST000554,Reem Zekry,2.94974E+13,82,admin.,married,primary,no,144372,yes,yes,telephone,6,309,71929,Fair,High,reem.zekry554@example.com,2.01087E+11
CUST000555,Mona Khaled,3.3723E+13,46,engineer,divorced,tertiary,yes,759466,yes,yes,unknown,19,464,58138,Poor,High,mona.khaled555@example.com,2.01025E+11
CUST000556,Mona Mostafa,3.73007E+13,80,admin.,divorced,primary,no,12913,no,no,telephone,31,486,5638,Excellent,High,mona.mostafa556@example.com,2.01035E+11
CUST000557,Mona Samir,2.15496E+13,41,engineer,married,primary,no,105841,yes,yes,unknown,9,335,25379,Excellent,High,mona.samir557@example.com,2.01037E+11
CUST000558,Sara Adel,3.43202E+13,70,entrepreneur,divorced,primary,yes,623839,yes,no,unknown,23,663,57151,Poor,High,sara.adel558@example.com,2.01082E+11
CUST000559,Reem Khaled,3.4074E+13,46,engineer,divorced,primary,no,571881,yes,yes,cellular,10,532,63554,Fair,High,reem.khaled559@example.com,2.01032E+11
CUST000560,Sara Fathy,2.70349E+13,57,management,married,primary,no,1394909,yes,no,unknown,13,802,73669,Excellent,Low,sara.fathy560@example.com,2.01093E+11
CUST000561,Mohamed Khaled,2.0693E+13,87,technician,single,secondary,no,110688,yes,yes,cellular,18,552,6672,Excellent,Medium,mohamed.khaled561@example.com,2.01019E+11
CUST000562,Nour Mostafa,2.03941E+13,62,technician,divorced,primary,no,510116,yes,no,telephone,2,750,28609,Fair,Low,nour.mostafa562@example.com,2.01076E+11
CUST000563,Mohamed Zekry,2.36112E+13,37,admin.,single,secondary,no,871855,yes,no,cellular,9,333,66925,Excellent,High,mohamed.zekry563@example.com,2.01083E+11
CUST000564,Ahmed Adel,3.44272E+13,81,teacher,single,secondary,no,61849,yes,no,telephone,1,560,6965,Fair,Medium,ahmed.adel564@example.com,2.01048E+11
CUST000565,Reem Mostafa,3.69419E+13,63,engineer,divorced,primary,no,39793,yes,no,unknown,24,776,37277,Fair,Low,reem.mostafa565@example.com,2.01089E+11
CUST000566,Sara Fathy,3.39777E+13,75,teacher,divorced,secondary,no,433689,no,yes,cellular,15,835,53666,Excellent,Low,sara.fathy566@example.com,2.01093E+11
CUST000567,Sara Fathy,2.3911E+13,85,teacher,divorced,tertiary,no,88887,yes,no,telephone,31,799,16794,Excellent,Low,sara.fathy567@example.com,2.01014E+11
CUST000568,Mahmoud Mahmoud,2.1823E+13,55,technician,married,primary,no,713088,yes,no,telephone,5,771,35521,Excellent,Low,mahmoud.mahmoud568@example.com,2.01074E+11
CUST000569,Mahmoud Ibrahim,2.60506E+13,93,blue-collar,single,secondary,no,572037,yes,yes,unknown,12,577,64058,Excellent,Medium,mahmoud.ibrahim569@example.com,2.01067E+11
CUST000570,Ahmed Mahmoud,2.54817E+13,57,admin.,married,tertiary,no,49892,yes,yes,cellular,4,487,15312,Excellent,High,ahmed.mahmoud570@example.com,2.01098E+11
CUST000571,Youssef Mostafa,2.35274E+13,66,teacher,married,secondary,no,857046,yes,yes,telephone,24,394,42977,Good,High,youssef.mostafa571@example.com,2.01056E+11
CUST000572,Omar Samir,3.28878E+13,75,management,divorced,primary,no,39606,no,yes,cellular,28,563,7332,Fair,Medium,omar.samir572@example.com,2.01056E+11
CUST000573,Aya Ibrahim,3.17505E+13,50,admin.,single,primary,no,121625,yes,no,cellular,6,782,61327,Good,Low,aya.ibrahim573@example.com,2.01015E+11
CUST000574,Youssef Zekry,3.6777E+13,27,blue-collar,single,tertiary,no,335876,no,no,cellular,12,332,33211,Good,High,youssef.zekry574@example.com,2.01089E+11
CUST000575,Ahmed Mahmoud,3.0288E+13,20,engineer,married,tertiary,no,297719,no,yes,unknown,30,567,37331,Good,Medium,ahmed.mahmoud575@example.com,2.01096E+11
CUST000576,Aya Fathy,2.20492E+13,55,admin.,divorced,primary,no,435282,yes,yes,unknown,21,433,62090,Fair,High,aya.fathy576@example.com,2.01041E+11
CUST000577,Reem Zekry,3.43585E+13,79,teacher,divorced,secondary,no,268057,yes,yes,telephone,22,831,33579,Fair,Low,reem.zekry577@example.com,2.01044E+11
CUST000578,Nour Zekry,2.10755E+13,70,technician,divorced,secondary,no,896077,yes,no,unknown,21,518,63787,Good,High,nour.zekry578@example.com,2.01096E+11
CUST000579,Omar Zekry,3.53375E+13,58,management,single,tertiary,no,802401,no,yes,telephone,10,454,67106,Excellent,High,omar.zekry579@example.com,2.01043E+11
CUST000580,Ahmed Mahmoud,2.12448E+13,57,admin.,married,primary,no,451770,no,no,cellular,22,641,29807,Excellent,Medium,ahmed.mahmoud580@example.com,2.01052E+11
CUST000581,Mona Khaled,2.45837E+13,39,blue-collar,single,tertiary,no,786675,no,yes,cellular,11,776,39085,Excellent,Low,mona.khaled581@example.com,2.01019E+11
CUST000582,Mahmoud Ibrahim,3.63032E+13,68,technician,divorced,tertiary,no,193165,no,no,telephone,28,674,38567,Fair,Medium,mahmoud.ibrahim582@example.com,2.01038E+11
CUST000583,Omar Samir,3.11224E+13,87,teacher,divorced,tertiary,no,159384,no,yes,telephone,7,331,19597,Excellent,High,omar.samir583@example.com,2.01072E+11
CUST000584,Aya Ali,2.75551E+13,59,technician,divorced,secondary,no,1154562,no,no,cellular,20,700,64197,Fair,Low,aya.ali584@example.com,2.01067E+11
CUST000585,Mahmoud Ibrahim,3.48973E+13,93,management,divorced,primary,no,1030784,no,no,cellular,31,358,51400,Fair,High,mahmoud.ibrahim585@example.com,2.01094E+11
CUST000586,Aya Khaled,3.53404E+13,55,technician,married,tertiary,no,694525,yes,no,telephone,29,381,53683,Excellent,High,aya.khaled586@example.com,2.01097E+11
CUST000587,Reem Samir,2.06617E+13,86,blue-collar,divorced,tertiary,no,257113,yes,yes,unknown,28,367,63509,Excellent,High,reem.samir587@example.com,2.01064E+11
CUST000588,Omar Zekry,2.1622E+13,93,engineer,single,secondary,no,114408,yes,no,unknown,24,737,11914,Good,Low,omar.zekry588@example.com,2.01081E+11
CUST000589,Omar Mahmoud,3.84729E+13,86,blue-collar,single,tertiary,no,312277,no,no,unknown,1,397,51324,Good,High,omar.mahmoud589@example.com,2.01096E+11
CUST000590,Reem Ibrahim,2.94039E+13,69,entrepreneur,divorced,tertiary,no,523435,yes,no,telephone,12,616,29345,Fair,Medium,reem.ibrahim590@example.com,2.01089E+11
CUST000591,Aya Zekry,3.81502E+13,74,engineer,married,primary,no,1255636,yes,yes,unknown,10,804,65935,Good,Low,aya.zekry591@example.com,2.01046E+11
CUST000592,Mohamed Adel,2.82433E+13,65,teacher,single,tertiary,no,143546,yes,yes,unknown,16,453,10328,Fair,High,mohamed.adel592@example.com,2.01093E+11
CUST000593,Mahmoud Samir,2.3934E+13,39,admin.,divorced,tertiary,no,243117,no,yes,cellular,8,605,14226,Good,Medium,mahmoud.samir593@example.com,2.01017E+11
CUST000594,Sara Ali,3.78684E+13,23,management,married,tertiary,no,-3156,no,no,cellular,20,505,33235,Good,High,sara.ali594@example.com,2.0104E+11
CUST000595,Mona Khaled,2.83014E+13,34,technician,single,primary,no,763021,yes,yes,telephone,20,484,76392,Good,High,mona.khaled595@example.com,2.01081E+11
CUST000596,Mohamed Khaled,3.51026E+13,41,entrepreneur,divorced,primary,no,316854,no,no,cellular,5,798,53453,Fair,Low,mohamed.khaled596@example.com,2.01068E+11
CUST000597,Reem Mahmoud,2.19592E+13,26,engineer,divorced,secondary,no,99130,no,yes,cellular,28,647,5104,Excellent,Medium,reem.mahmoud597@example.com,2.01099E+11
CUST000598,Mona Adel,2.46059E+13,70,management,divorced,primary,no,732875,yes,yes,cellular,20,774,66633,Excellent,Low,mona.adel598@example.com,2.01096E+11
CUST000599,Sara Mahmoud,3.76435E+13,62,blue-collar,divorced,tertiary,no,204611,no,yes,telephone,17,735,18542,Fair,Low,sara.mahmoud599@example.com,2.01026E+11
CUST000600,Omar Mostafa,2.13484E+13,77,engineer,single,primary,no,80959,no,yes,cellular,10,538,7778,Fair,High,omar.mostafa600@example.com,2.01017E+11
CUST000601,Mona Adel,3.36038E+13,88,admin.,single,secondary,no,25206,no,yes,telephone,6,675,12428,Fair,Medium,mona.adel601@example.com,2.01039E+11
CUST000602,Mona Mostafa,2.0153E+13,84,blue-collar,single,primary,no,269256,yes,no,unknown,18,555,44516,Excellent,Medium,mona.mostafa602@example.com,2.01034E+11
CUST000603,Mohamed Fathy,2.20078E+13,84,admin.,married,primary,no,74847,no,no,cellular,21,574,70693,Good,Medium,mohamed.fathy603@example.com,2.01088E+11
CUST000604,Omar Mahmoud,2.44299E+13,62,blue-collar,single,secondary,no,65259,no,no,telephone,19,701,3565,Fair,Low,omar.mahmoud604@example.com,2.01095E+11
CUST000605,Sara Samir,2.89021E+13,41,technician,single,primary,no,1353663,no,no,telephone,10,676,79900,Fair,Medium,sara.samir605@example.com,2.01099E+11
CUST000606,Mona Khaled,3.42305E+13,56,teacher,married,secondary,no,748702,yes,yes,unknown,10,548,57716,Good,High,mona.khaled606@example.com,2.01062E+11
CUST000607,Reem Hassan,2.69924E+13,49,technician,married,tertiary,no,936385,no,yes,telephone,4,727,55100,Fair,Low,reem.hassan607@example.com,2.01095E+11
CUST000608,Aya Hassan,2.92165E+13,23,admin.,divorced,tertiary,no,51316,no,no,cellular,7,378,5449,Good,High,aya.hassan608@example.com,2.01085E+11
CUST000609,Mona Ali,2.13924E+13,18,engineer,divorced,tertiary,no,146745,no,no,cellular,4,421,73013,Excellent,High,mona.ali609@example.com,2.011E+11
CUST000610,Mahmoud Fathy,3.57048E+13,44,admin.,married,secondary,no,133183,no,no,cellular,20,761,65907,Excellent,Low,mahmoud.fathy610@example.com,2.0105E+11
CUST000611,Aya Mostafa,2.88676E+13,65,entrepreneur,divorced,tertiary,no,5444,yes,yes,telephone,28,669,6949,Excellent,Medium,aya.mostafa611@example.com,2.01035E+11
CUST000612,Omar Fathy,3.53251E+13,93,blue-collar,married,primary,no,509780,yes,no,unknown,6,527,33887,Fair,High,omar.fathy612@example.com,2.01036E+11
CUST000613,Mohamed Samir,3.60522E+13,32,entrepreneur,divorced,secondary,no,87957,yes,yes,cellular,6,363,21930,Excellent,High,mohamed.samir613@example.com,2.01094E+11
CUST000614,Reem Khaled,3.62944E+13,40,management,single,tertiary,no,33966,yes,no,telephone,28,399,7625,Excellent,High,reem.khaled614@example.com,2.01011E+11
CUST000615,Nour Fathy,3.03458E+13,34,engineer,married,tertiary,no,856553,no,yes,cellular,7,750,78126,Good,Low,nour.fathy615@example.com,2.01039E+11
CUST000616,Mahmoud Samir,3.25002E+13,81,management,divorced,primary,no,344088,yes,yes,telephone,24,758,26782,Fair,Low,mahmoud.samir616@example.com,2.01021E+11
CUST000617,Reem Ali,2.16614E+13,41,engineer,married,primary,no,765716,yes,no,telephone,10,732,45307,Fair,Low,reem.ali617@example.com,2.01041E+11
CUST000618,Sara Zekry,2.92659E+13,72,engineer,single,secondary,no,561991,no,yes,cellular,29,643,29563,Good,Medium,sara.zekry618@example.com,2.01016E+11
CUST000619,Youssef Zekry,2.30502E+13,42,engineer,single,secondary,no,156471,yes,no,cellular,1,412,26497,Excellent,High,youssef.zekry619@example.com,2.01049E+11
CUST000620,Mahmoud Hassan,3.11874E+13,50,engineer,divorced,primary,no,40161,no,no,unknown,8,315,10228,Good,High,mahmoud.hassan620@example.com,2.01082E+11
CUST000621,Mohamed Mahmoud,2.76798E+13,26,technician,married,primary,no,-1118,no,yes,unknown,27,460,32368,Fair,High,mohamed.mahmoud621@example.com,2.01025E+11
CUST000622,Youssef Zekry,2.49751E+13,55,engineer,single,primary,no,325189,yes,no,cellular,8,566,22874,Fair,Medium,youssef.zekry622@example.com,2.01089E+11
CUST000623,Youssef Mahmoud,2.8173E+13,90,admin.,single,tertiary,no,215892,yes,yes,telephone,25,482,19450,Fair,High,youssef.mahmoud623@example.com,2.01057E+11
CUST000624,Mahmoud Zekry,2.9339E+13,37,teacher,married,secondary,no,243951,no,no,cellular,15,762,59857,Excellent,Low,mahmoud.zekry624@example.com,2.01014E+11
CUST000625,Ahmed Hassan,3.60299E+13,67,blue-collar,divorced,tertiary,no,122859,no,yes,telephone,13,429,13888,Fair,High,ahmed.hassan625@example.com,2.01088E+11
CUST000626,Nour Hassan,3.69519E+13,50,management,married,secondary,no,30377,yes,no,telephone,1,654,13309,Fair,Medium,nour.hassan626@example.com,2.01049E+11
CUST000627,Sara Samir,3.47167E+13,78,blue-collar,divorced,tertiary,no,702545,no,no,cellular,15,376,41573,Excellent,High,sara.samir627@example.com,2.01062E+11
CUST000628,Omar Ibrahim,2.40995E+13,21,admin.,single,secondary,no,1572149,yes,yes,cellular,10,834,78425,Good,Low,omar.ibrahim628@example.com,2.0105E+11
CUST000629,Mona Khaled,3.64639E+13,58,technician,single,primary,no,72247,no,no,unknown,15,847,37406,Fair,Low,mona.khaled629@example.com,2.01074E+11
CUST000630,Mona Ibrahim,2.56239E+13,21,engineer,married,tertiary,no,227101,yes,yes,unknown,9,805,24706,Good,Low,mona.ibrahim630@example.com,2.01031E+11
CUST000631,Nour Zekry,3.28732E+13,22,blue-collar,single,primary,no,185160,yes,no,cellular,30,424,23700,Excellent,High,nour.zekry631@example.com,2.01032E+11
CUST000632,Sara Adel,3.59243E+13,63,technician,divorced,primary,no,411352,no,yes,telephone,13,753,34632,Fair,Low,sara.adel632@example.com,2.01054E+11
CUST000633,Youssef Hassan,3.94691E+13,23,technician,married,secondary,yes,1418886,no,yes,telephone,2,729,71056,Poor,High,youssef.hassan633@example.com,2.01091E+11
CUST000634,Youssef Samir,2.12618E+13,77,admin.,single,tertiary,no,117768,yes,no,telephone,23,654,23869,Good,Medium,youssef.samir634@example.com,2.01067E+11
CUST000635,Youssef Fathy,3.19236E+13,63,admin.,divorced,tertiary,no,639482,no,yes,cellular,31,472,32029,Excellent,High,youssef.fathy635@example.com,2.01035E+11
CUST000636,Youssef Mostafa,2.32722E+13,81,entrepreneur,divorced,primary,no,1009475,no,yes,telephone,16,587,59499,Excellent,Medium,youssef.mostafa636@example.com,2.01025E+11
CUST000637,Mahmoud Ibrahim,3.90755E+13,83,technician,divorced,secondary,no,-2098,yes,no,unknown,21,833,74665,Good,Low,mahmoud.ibrahim637@example.com,2.01015E+11
CUST000638,Mona Ali,2.31734E+13,53,admin.,single,primary,no,1100216,no,no,unknown,28,831,78851,Good,Low,mona.ali638@example.com,2.0105E+11
CUST000639,Reem Zekry,2.62109E+13,52,teacher,single,secondary,no,373077,no,yes,cellular,8,303,37205,Fair,High,reem.zekry639@example.com,2.01023E+11
CUST000640,Mona Khaled,2.89897E+13,85,engineer,single,primary,no,654099,yes,no,cellular,24,536,36374,Good,High,mona.khaled640@example.com,2.01073E+11
CUST000641,Omar Samir,2.327E+13,46,entrepreneur,divorced,tertiary,no,149179,no,no,telephone,3,452,49994,Good,High,omar.samir641@example.com,2.01092E+11
CUST000642,Ahmed Adel,2.71213E+13,26,technician,single,primary,no,53404,yes,yes,cellular,17,436,3329,Fair,High,ahmed.adel642@example.com,2.01014E+11
CUST000643,Omar Hassan,2.78014E+13,87,engineer,married,tertiary,no,59089,yes,yes,telephone,13,778,3144,Excellent,Low,omar.hassan643@example.com,2.01095E+11
CUST000644,Nour Ali,2.18689E+13,68,engineer,married,tertiary,no,228726,yes,yes,cellular,28,618,38749,Good,Medium,nour.ali644@example.com,2.01013E+11
CUST000645,Omar Zekry,3.51919E+13,64,teacher,single,primary,no,521836,yes,no,cellular,13,629,34486,Fair,Medium,omar.zekry645@example.com,2.01036E+11
CUST000646,Youssef Zekry,3.21416E+13,81,admin.,divorced,tertiary,no,780105,yes,no,unknown,31,368,40905,Fair,High,youssef.zekry646@example.com,2.0109E+11
CUST000647,Mona Samir,2.47964E+13,59,blue-collar,married,primary,no,16430,no,no,telephone,18,330,6277,Excellent,High,mona.samir647@example.com,2.01067E+11
CUST000648,Nour Hassan,2.18844E+13,27,entrepreneur,single,tertiary,no,172547,yes,no,unknown,16,485,56926,Fair,High,nour.hassan648@example.com,2.01043E+11
CUST000649,Aya Hassan,2.04452E+13,68,technician,divorced,primary,no,355659,yes,yes,unknown,4,309,27501,Fair,High,aya.hassan649@example.com,2.01049E+11
CUST000650,Omar Hassan,3.32521E+13,74,management,divorced,secondary,no,177970,yes,yes,telephone,27,402,11960,Fair,High,omar.hassan650@example.com,2.0102E+11
CUST000651,Mohamed Khaled,2.50312E+13,25,engineer,divorced,tertiary,no,615599,no,yes,unknown,1,647,76906,Good,Medium,mohamed.khaled651@example.com,2.01085E+11
CUST000652,Reem Fathy,3.84033E+13,85,teacher,divorced,secondary,no,707652,no,yes,cellular,30,392,59151,Excellent,High,reem.fathy652@example.com,2.01033E+11
CUST000653,Mahmoud Fathy,2.32505E+13,27,teacher,single,tertiary,no,207864,no,yes,telephone,27,625,50959,Fair,Medium,mahmoud.fathy653@example.com,2.01068E+11
CUST000654,Mona Mostafa,3.51441E+13,51,entrepreneur,single,tertiary,no,851472,no,no,telephone,6,379,65482,Good,High,mona.mostafa654@example.com,2.01028E+11
CUST000655,Sara Fathy,3.72887E+13,53,teacher,married,primary,no,443070,yes,yes,telephone,29,779,44574,Good,Low,sara.fathy655@example.com,2.01077E+11
CUST000656,Ahmed Fathy,3.55422E+13,54,teacher,divorced,tertiary,no,51446,no,no,unknown,27,410,53391,Fair,High,ahmed.fathy656@example.com,2.01062E+11
CUST000657,Youssef Mahmoud,3.5713E+13,64,engineer,single,primary,no,776608,no,no,unknown,1,784,59383,Good,Low,youssef.mahmoud657@example.com,2.01043E+11
CUST000658,Mahmoud Samir,3.93614E+13,64,technician,single,primary,no,15736,no,no,unknown,28,358,5781,Excellent,High,mahmoud.samir658@example.com,2.01085E+11
CUST000659,Nour Khaled,2.38599E+13,81,entrepreneur,divorced,tertiary,no,3200,no,no,telephone,30,780,35107,Excellent,Low,nour.khaled659@example.com,2.01013E+11
CUST000660,Omar Ibrahim,2.49576E+13,68,management,single,primary,no,773117,no,yes,telephone,16,427,64471,Fair,High,omar.ibrahim660@example.com,2.01058E+11
CUST000661,Aya Fathy,2.91405E+13,80,teacher,divorced,primary,no,2942,no,no,unknown,31,404,55397,Good,High,aya.fathy661@example.com,2.01054E+11
CUST000662,Omar Ibrahim,2.19802E+13,58,technician,divorced,tertiary,no,42812,no,no,unknown,5,574,20759,Good,Medium,omar.ibrahim662@example.com,2.01043E+11
CUST000663,Omar Samir,2.89631E+13,47,management,single,primary,no,-4107,yes,no,unknown,30,792,28090,Good,Low,omar.samir663@example.com,2.01049E+11
CUST000664,Mohamed Khaled,2.89307E+13,75,technician,single,primary,no,90071,no,yes,unknown,4,483,7939,Fair,High,mohamed.khaled664@example.com,2.01049E+11
CUST000665,Nour Zekry,3.67526E+13,86,teacher,divorced,tertiary,no,354034,yes,no,telephone,11,314,70649,Fair,High,nour.zekry665@example.com,2.01047E+11
CUST000666,Sara Samir,3.38264E+13,67,engineer,divorced,tertiary,no,833120,yes,yes,telephone,16,636,41670,Good,Medium,sara.samir666@example.com,2.01095E+11
CUST000667,Sara Ali,2.33395E+13,41,blue-collar,married,secondary,no,213134,no,no,cellular,9,574,54184,Excellent,Medium,sara.ali667@example.com,2.01065E+11
CUST000668,Omar Adel,2.68239E+13,32,technician,divorced,secondary,no,24909,yes,yes,telephone,31,368,12600,Good,High,omar.adel668@example.com,2.01092E+11
CUST000669,Omar Fathy,3.52482E+13,63,engineer,married,primary,no,480829,yes,no,cellular,13,419,79672,Excellent,High,omar.fathy669@example.com,2.01056E+11
CUST000670,Sara Khaled,3.57932E+13,68,admin.,single,tertiary,no,253589,no,yes,unknown,7,609,23326,Fair,Medium,sara.khaled670@example.com,2.01031E+11
CUST000671,Reem Samir,2.83689E+13,40,technician,married,secondary,no,398545,no,no,cellular,4,556,79208,Excellent,Medium,reem.samir671@example.com,2.01052E+11
CUST000672,Reem Adel,3.23745E+13,73,admin.,single,tertiary,no,384106,yes,yes,telephone,22,732,18973,Fair,Low,reem.adel672@example.com,2.01051E+11
CUST000673,Reem Ibrahim,3.86063E+13,62,management,single,primary,no,122765,no,yes,unknown,12,701,63357,Good,Low,reem.ibrahim673@example.com,2.01066E+11
CUST000674,Mohamed Hassan,2.85891E+13,24,management,single,primary,no,790729,no,no,unknown,26,323,49202,Fair,High,mohamed.hassan674@example.com,2.01039E+11
CUST000675,Omar Hassan,2.87635E+13,33,admin.,married,primary,no,362375,yes,yes,unknown,21,740,59770,Good,Low,omar.hassan675@example.com,2.01044E+11
CUST000676,Aya Hassan,2.57591E+13,54,teacher,single,secondary,no,1367676,yes,no,telephone,19,659,76253,Good,Medium,aya.hassan676@example.com,2.01012E+11
CUST000677,Sara Khaled,2.61307E+13,37,engineer,single,tertiary,no,18969,yes,yes,cellular,16,684,10770,Good,Medium,sara.khaled677@example.com,2.01062E+11
CUST000678,Mohamed Mahmoud,2.58912E+13,52,admin.,single,secondary,no,23406,no,yes,unknown,15,755,3484,Good,Low,mohamed.mahmoud678@example.com,2.01026E+11
CUST000679,Youssef Zekry,2.96957E+13,35,technician,single,secondary,no,169873,no,no,cellular,27,754,8425,Excellent,Low,youssef.zekry679@example.com,2.01024E+11
CUST000680,Mona Mahmoud,2.01057E+13,73,engineer,married,tertiary,no,62266,yes,no,unknown,17,533,57467,Fair,High,mona.mahmoud680@example.com,2.01028E+11
CUST000681,Mahmoud Mahmoud,2.50493E+13,50,management,single,secondary,no,1603,yes,yes,telephone,30,777,50650,Excellent,Low,mahmoud.mahmoud681@example.com,2.01074E+11
CUST000682,Ahmed Khaled,2.3502E+13,39,engineer,divorced,tertiary,no,1098646,no,yes,telephone,26,657,73294,Fair,Medium,ahmed.khaled682@example.com,2.01096E+11
CUST000683,Reem Adel,3.23341E+13,89,blue-collar,married,primary,no,130382,yes,no,telephone,23,740,42538,Good,Low,reem.adel683@example.com,2.01088E+11
CUST000684,Mohamed Adel,2.10596E+13,90,admin.,single,secondary,no,740550,yes,yes,telephone,31,735,49646,Excellent,Low,mohamed.adel684@example.com,2.01066E+11
CUST000685,Mahmoud Samir,3.71367E+13,35,management,single,secondary,no,293299,no,no,telephone,27,716,36946,Fair,Low,mahmoud.samir685@example.com,2.01073E+11
CUST000686,Aya Khaled,3.0569E+13,64,teacher,married,secondary,no,154459,no,yes,cellular,1,365,50413,Fair,High,aya.khaled686@example.com,2.01038E+11
CUST000687,Sara Khaled,3.40433E+13,69,teacher,divorced,tertiary,no,1010118,yes,no,unknown,19,699,78023,Good,Medium,sara.khaled687@example.com,2.01069E+11
CUST000688,Mahmoud Samir,3.67099E+13,78,engineer,single,primary,no,349454,no,no,telephone,10,751,49725,Fair,Low,mahmoud.samir688@example.com,2.0106E+11
CUST000689,Ahmed Ibrahim,3.44514E+13,70,management,married,primary,no,890501,yes,yes,unknown,5,603,68197,Good,Medium,ahmed.ibrahim689@example.com,2.01082E+11
CUST000690,Mona Mahmoud,2.20825E+13,22,management,married,secondary,no,130450,no,yes,unknown,2,487,32611,Fair,High,mona.mahmoud690@example.com,2.01073E+11
CUST000691,Mona Mahmoud,3.51881E+13,93,entrepreneur,married,primary,no,69914,no,no,telephone,26,559,22955,Good,Medium,mona.mahmoud691@example.com,2.01073E+11
CUST000692,Omar Fathy,2.39781E+13,22,entrepreneur,married,secondary,no,577070,yes,yes,cellular,2,621,35768,Fair,Medium,omar.fathy692@example.com,2.01091E+11
CUST000693,Omar Mahmoud,3.32094E+13,34,admin.,divorced,tertiary,no,135024,no,yes,telephone,20,491,68861,Good,High,omar.mahmoud693@example.com,2.01038E+11
CUST000694,Sara Khaled,3.96703E+13,23,management,divorced,secondary,no,989806,yes,no,telephone,25,380,58056,Excellent,High,sara.khaled694@example.com,2.01082E+11
CUST000695,Nour Ibrahim,2.66439E+13,22,teacher,married,tertiary,no,267182,no,no,cellular,22,438,16673,Excellent,High,nour.ibrahim695@example.com,2.01096E+11
CUST000696,Mahmoud Fathy,2.38726E+13,64,management,married,tertiary,no,1040165,yes,yes,telephone,24,690,65299,Excellent,Medium,mahmoud.fathy696@example.com,2.01081E+11
CUST000697,Ahmed Khaled,3.28895E+13,47,teacher,single,primary,no,184417,no,no,telephone,22,478,17032,Excellent,High,ahmed.khaled697@example.com,2.01065E+11
CUST000698,Omar Mostafa,3.47095E+13,60,admin.,divorced,secondary,no,588554,yes,no,cellular,2,489,53883,Fair,High,omar.mostafa698@example.com,2.01029E+11
CUST000699,Nour Khaled,3.60069E+13,30,teacher,single,primary,no,104385,yes,no,telephone,22,747,52691,Good,Low,nour.khaled699@example.com,2.01075E+11
CUST000700,Mahmoud Ibrahim,2.32354E+13,25,teacher,married,secondary,no,40076,yes,yes,cellular,2,575,3193,Excellent,Medium,mahmoud.ibrahim700@example.com,2.01042E+11
CUST000701,Youssef Fathy,3.06933E+13,19,blue-collar,single,tertiary,no,53934,no,no,cellular,8,842,8250,Fair,Low,youssef.fathy701@example.com,2.01068E+11
CUST000702,Mohamed Hassan,2.76021E+13,50,engineer,divorced,primary,no,105161,yes,no,cellular,13,548,36518,Fair,High,mohamed.hassan702@example.com,2.01059E+11
CUST000703,Omar Ibrahim,3.18349E+13,94,engineer,single,secondary,no,966950,no,yes,unknown,25,475,57154,Excellent,High,omar.ibrahim703@example.com,2.01062E+11
CUST000704,Reem Ibrahim,2.82892E+13,44,admin.,married,secondary,no,287576,yes,yes,telephone,6,381,18945,Fair,High,reem.ibrahim704@example.com,2.0103E+11
CUST000705,Youssef Mahmoud,3.51407E+13,25,management,divorced,tertiary,no,94464,yes,yes,cellular,20,844,23443,Excellent,Low,youssef.mahmoud705@example.com,2.01089E+11
CUST000706,Youssef Zekry,2.50458E+13,65,teacher,divorced,secondary,yes,20490,yes,yes,unknown,14,467,3572,Poor,High,youssef.zekry706@example.com,2.01057E+11
CUST000707,Mona Khaled,3.74835E+13,92,teacher,single,primary,no,232002,yes,yes,unknown,13,792,37968,Good,Low,mona.khaled707@example.com,2.01066E+11
CUST000708,Mahmoud Khaled,3.03862E+13,95,teacher,divorced,primary,no,100105,yes,yes,telephone,8,577,49477,Good,Medium,mahmoud.khaled708@example.com,2.0102E+11
CUST000709,Reem Fathy,3.11931E+13,65,technician,divorced,primary,no,506329,yes,no,cellular,21,357,38637,Good,High,reem.fathy709@example.com,2.01019E+11
CUST000710,Ahmed Ibrahim,2.19367E+13,66,blue-collar,single,tertiary,no,914706,yes,no,cellular,13,489,45813,Excellent,High,ahmed.ibrahim710@example.com,2.01079E+11
CUST000711,Mahmoud Ali,3.6651E+13,28,teacher,single,secondary,no,1034497,yes,yes,cellular,4,654,54447,Good,Medium,mahmoud.ali711@example.com,2.01034E+11
CUST000712,Mohamed Mahmoud,3.37445E+13,23,management,married,tertiary,no,358369,no,no,cellular,15,398,35628,Excellent,High,mohamed.mahmoud712@example.com,2.01029E+11
CUST000713,Aya Ali,3.03434E+13,37,technician,single,tertiary,no,342024,no,no,telephone,9,846,68663,Excellent,Low,aya.ali713@example.com,2.01086E+11
CUST000714,Mona Mahmoud,3.99111E+13,34,technician,divorced,secondary,no,264044,no,no,telephone,9,505,29270,Fair,High,mona.mahmoud714@example.com,2.01038E+11
CUST000715,Youssef Adel,3.65622E+13,75,entrepreneur,single,tertiary,no,288060,yes,no,cellular,4,678,35708,Fair,Medium,youssef.adel715@example.com,2.01096E+11
CUST000716,Ahmed Hassan,2.04466E+13,86,entrepreneur,divorced,tertiary,no,1013687,no,yes,cellular,16,655,50779,Good,Medium,ahmed.hassan716@example.com,2.0107E+11
CUST000717,Mohamed Khaled,2.59481E+13,76,blue-collar,divorced,secondary,no,53133,yes,yes,cellular,19,447,51034,Excellent,High,mohamed.khaled717@example.com,2.01077E+11
CUST000718,Omar Mostafa,3.14813E+13,59,engineer,married,secondary,no,864915,no,yes,unknown,23,421,57432,Fair,High,omar.mostafa718@example.com,2.01097E+11
CUST000719,Mona Ibrahim,2.503E+13,78,technician,single,secondary,no,396080,yes,no,telephone,20,735,79265,Good,Low,mona.ibrahim719@example.com,2.01059E+11
CUST000720,Sara Khaled,3.74568E+13,44,entrepreneur,married,tertiary,no,87830,no,yes,cellular,31,596,6127,Fair,Medium,sara.khaled720@example.com,2.01019E+11
CUST000721,Omar Ibrahim,3.53551E+13,95,admin.,divorced,tertiary,no,686447,yes,no,unknown,5,564,68934,Excellent,Medium,omar.ibrahim721@example.com,2.0104E+11
CUST000722,Nour Ali,3.56595E+13,18,management,married,primary,no,487944,yes,yes,unknown,6,308,25933,Good,High,nour.ali722@example.com,2.01056E+11
CUST000723,Ahmed Ibrahim,2.77007E+13,33,teacher,single,primary,no,3572,yes,no,unknown,25,359,7061,Fair,High,ahmed.ibrahim723@example.com,2.01022E+11
CUST000724,Ahmed Samir,3.95937E+13,58,technician,divorced,secondary,no,80820,yes,no,unknown,31,797,40380,Excellent,Low,ahmed.samir724@example.com,2.01094E+11
CUST000725,Omar Samir,2.06776E+13,19,entrepreneur,married,secondary,no,511012,yes,yes,telephone,14,687,28461,Fair,Medium,omar.samir725@example.com,2.01079E+11
CUST000726,Youssef Samir,3.35287E+13,67,blue-collar,single,tertiary,no,461065,yes,no,telephone,7,640,26941,Good,Medium,youssef.samir726@example.com,2.01024E+11
CUST000727,Nour Ali,3.08244E+13,20,teacher,married,secondary,no,975736,yes,yes,telephone,24,531,75176,Good,High,nour.ali727@example.com,2.01074E+11
CUST000728,Reem Fathy,2.13731E+13,41,management,divorced,tertiary,no,677464,no,no,cellular,12,645,45327,Good,Medium,reem.fathy728@example.com,2.0103E+11
CUST000729,Nour Hassan,3.82067E+13,63,management,single,secondary,no,47195,yes,no,cellular,11,842,9873,Fair,Low,nour.hassan729@example.com,2.01034E+11
CUST000730,Omar Hassan,3.54504E+13,95,teacher,married,tertiary,no,1196741,no,no,unknown,20,460,79721,Good,High,omar.hassan730@example.com,2.01084E+11
CUST000731,Mahmoud Zekry,3.4167E+13,86,management,married,secondary,no,52480,yes,no,cellular,27,554,8999,Fair,Medium,mahmoud.zekry731@example.com,2.01094E+11
CUST000732,Reem Mahmoud,3.32786E+13,66,engineer,divorced,secondary,no,415467,yes,no,unknown,9,821,25907,Excellent,Low,reem.mahmoud732@example.com,2.0109E+11
CUST000733,Mohamed Fathy,3.03516E+13,22,admin.,married,primary,no,295066,no,yes,unknown,3,673,59212,Good,Medium,mohamed.fathy733@example.com,2.01011E+11
CUST000734,Ahmed Ibrahim,2.98809E+13,51,engineer,single,primary,no,546450,yes,yes,telephone,16,310,54516,Fair,High,ahmed.ibrahim734@example.com,2.01057E+11
CUST000735,Youssef Mahmoud,2.52055E+13,22,technician,married,tertiary,no,-3780,yes,yes,cellular,30,438,65198,Good,High,youssef.mahmoud735@example.com,2.01014E+11
CUST000736,Omar Mostafa,3.43688E+13,30,blue-collar,married,primary,no,1098445,yes,no,unknown,31,544,61222,Fair,High,omar.mostafa736@example.com,2.01056E+11
CUST000737,Reem Ali,2.36166E+13,35,admin.,single,primary,no,272393,no,yes,unknown,5,420,20764,Good,High,reem.ali737@example.com,2.01018E+11
CUST000738,Ahmed Mostafa,3.92877E+13,94,engineer,divorced,primary,no,129363,yes,no,telephone,21,500,41506,Excellent,High,ahmed.mostafa738@example.com,2.01056E+11
CUST000739,Mahmoud Ali,3.97896E+13,29,teacher,divorced,secondary,no,160431,no,no,unknown,28,834,7826,Good,Low,mahmoud.ali739@example.com,2.01015E+11
CUST000740,Omar Samir,3.37538E+13,29,admin.,divorced,secondary,no,3623,yes,yes,telephone,2,588,19755,Good,Medium,omar.samir740@example.com,2.01055E+11
CUST000741,Sara Ali,3.6868E+13,95,technician,divorced,tertiary,no,56639,yes,yes,cellular,22,672,5854,Fair,Medium,sara.ali741@example.com,2.01035E+11
CUST000742,Aya Hassan,2.88181E+13,66,entrepreneur,single,secondary,no,87071,no,yes,cellular,12,667,45592,Excellent,Medium,aya.hassan742@example.com,2.01029E+11
CUST000743,Mohamed Ali,3.75641E+13,35,entrepreneur,divorced,primary,no,4858,no,no,cellular,16,674,70407,Fair,Medium,mohamed.ali743@example.com,2.01065E+11
CUST000744,Mohamed Mostafa,3.42933E+13,79,teacher,divorced,primary,no,899498,no,yes,unknown,25,671,45192,Good,Medium,mohamed.mostafa744@example.com,2.01014E+11
CUST000745,Mahmoud Ibrahim,3.41481E+13,80,entrepreneur,married,secondary,no,993210,yes,no,unknown,9,788,61994,Good,Low,mahmoud.ibrahim745@example.com,2.01086E+11
CUST000746,Mona Khaled,3.01058E+13,37,management,single,primary,no,354953,no,no,unknown,21,387,35414,Excellent,High,mona.khaled746@example.com,2.01031E+11
CUST000747,Youssef Samir,3.74982E+13,67,management,divorced,tertiary,no,79941,no,no,unknown,3,657,77230,Good,Medium,youssef.samir747@example.com,2.01036E+11
CUST000748,Aya Hassan,2.77777E+13,88,teacher,divorced,tertiary,no,295299,yes,yes,unknown,5,304,29339,Good,High,aya.hassan748@example.com,2.01076E+11
CUST000749,Mohamed Samir,3.36311E+13,19,engineer,divorced,tertiary,no,485417,no,yes,unknown,1,775,68752,Good,Low,mohamed.samir749@example.com,2.01096E+11
CUST000750,Aya Fathy,3.19261E+13,56,technician,divorced,primary,no,439490,no,yes,telephone,21,772,22138,Good,Low,aya.fathy750@example.com,2.01099E+11
CUST000751,Mohamed Ali,3.861E+13,72,management,single,primary,no,611644,no,yes,unknown,10,551,32145,Good,Medium,mohamed.ali751@example.com,2.01085E+11
CUST000752,Ahmed Adel,2.82737E+13,52,entrepreneur,married,secondary,no,1074663,no,yes,cellular,22,848,59478,Fair,Low,ahmed.adel752@example.com,2.01042E+11
CUST000753,Nour Adel,3.12835E+13,21,admin.,married,tertiary,no,135875,no,no,unknown,8,492,16714,Good,High,nour.adel753@example.com,2.0104E+11
CUST000754,Mona Samir,3.65723E+13,28,management,single,secondary,no,243424,yes,yes,cellular,15,396,26846,Fair,High,mona.samir754@example.com,2.01036E+11
CUST000755,Nour Hassan,2.97586E+13,64,blue-collar,divorced,primary,no,5438,no,no,telephone,2,616,3285,Good,Medium,nour.hassan755@example.com,2.0104E+11
CUST000756,Nour Zekry,3.02386E+13,54,admin.,married,tertiary,no,-4439,no,no,unknown,9,353,47927,Fair,High,nour.zekry756@example.com,2.01065E+11
CUST000757,Ahmed Mahmoud,2.11537E+13,20,technician,married,tertiary,no,302417,yes,yes,unknown,22,329,37335,Excellent,High,ahmed.mahmoud757@example.com,2.0102E+11
CUST000758,Ahmed Zekry,3.57316E+13,29,blue-collar,divorced,tertiary,no,459198,yes,no,telephone,12,458,25665,Fair,High,ahmed.zekry758@example.com,2.01086E+11
CUST000759,Sara Hassan,2.11373E+13,34,teacher,married,primary,no,246677,no,yes,cellular,1,652,16439,Good,Medium,sara.hassan759@example.com,2.01094E+11
CUST000760,Aya Samir,3.88445E+13,82,blue-collar,married,tertiary,no,1121127,yes,no,cellular,27,427,62533,Excellent,High,aya.samir760@example.com,2.0106E+11
CUST000761,Youssef Adel,3.96131E+13,23,entrepreneur,married,secondary,no,241437,yes,no,cellular,2,335,30451,Excellent,High,youssef.adel761@example.com,2.01047E+11
CUST000762,Mona Ali,3.52977E+13,43,teacher,divorced,primary,no,360541,no,yes,cellular,4,822,27384,Excellent,Low,mona.ali762@example.com,2.01017E+11
CUST000763,Sara Mahmoud,2.24662E+13,41,technician,married,tertiary,no,1289880,no,yes,unknown,5,426,68019,Good,High,sara.mahmoud763@example.com,2.01068E+11
CUST000764,Ahmed Mahmoud,3.9202E+13,51,blue-collar,divorced,primary,no,223968,no,no,unknown,5,742,31812,Excellent,Low,ahmed.mahmoud764@example.com,2.01079E+11
CUST000765,Nour Fathy,3.97744E+13,43,entrepreneur,single,primary,no,40425,no,no,telephone,26,494,6792,Excellent,High,nour.fathy765@example.com,2.01044E+11
CUST000766,Aya Ali,3.84264E+13,68,technician,married,secondary,no,825701,yes,no,unknown,29,574,68912,Fair,Medium,aya.ali766@example.com,2.01032E+11
CUST000767,Nour Mahmoud,2.7031E+13,91,teacher,married,secondary,no,1239029,no,yes,telephone,12,414,77694,Fair,High,nour.mahmoud767@example.com,2.01032E+11
CUST000768,Reem Zekry,2.68394E+13,68,management,divorced,tertiary,no,446413,no,no,cellular,16,820,56133,Good,Low,reem.zekry768@example.com,2.01031E+11
CUST000769,Sara Ali,2.11128E+13,67,management,married,primary,no,1110116,yes,no,unknown,9,392,74224,Excellent,High,sara.ali769@example.com,2.01057E+11
CUST000770,Omar Adel,2.14027E+13,26,blue-collar,divorced,secondary,no,925040,yes,yes,unknown,21,308,61688,Fair,High,omar.adel770@example.com,2.01082E+11
CUST000771,Omar Ibrahim,2.96156E+13,22,technician,married,tertiary,no,531043,yes,yes,unknown,7,660,28010,Excellent,Medium,omar.ibrahim771@example.com,2.01093E+11
CUST000772,Mahmoud Zekry,2.88747E+13,57,entrepreneur,divorced,primary,no,309854,yes,yes,telephone,22,786,24118,Excellent,Low,mahmoud.zekry772@example.com,2.01057E+11
CUST000773,Mona Mahmoud,2.0928E+13,95,management,single,primary,no,1113374,yes,no,cellular,22,431,61781,Fair,High,mona.mahmoud773@example.com,2.01071E+11
CUST000774,Sara Adel,3.3965E+13,29,admin.,married,tertiary,no,122348,no,yes,cellular,28,777,39539,Fair,Low,sara.adel774@example.com,2.01011E+11
CUST000775,Sara Ibrahim,3.75572E+13,21,teacher,divorced,tertiary,no,305414,no,no,unknown,19,462,43174,Excellent,High,sara.ibrahim775@example.com,2.01014E+11
CUST000776,Nour Adel,3.61592E+13,80,teacher,divorced,secondary,no,91511,yes,yes,telephone,2,674,17406,Excellent,Medium,nour.adel776@example.com,2.01067E+11
CUST000777,Sara Mahmoud,3.28055E+13,22,entrepreneur,married,primary,yes,264493,yes,yes,telephone,14,832,16492,Poor,High,sara.mahmoud777@example.com,2.01024E+11
CUST000778,Aya Ali,3.01028E+13,38,engineer,divorced,primary,no,987750,yes,no,unknown,5,503,62006,Fair,High,aya.ali778@example.com,2.01085E+11
CUST000779,Nour Ibrahim,3.34737E+13,89,blue-collar,married,primary,no,-380,yes,yes,cellular,30,586,23741,Good,Medium,nour.ibrahim779@example.com,2.01023E+11
CUST000780,Sara Ali,3.35776E+13,76,teacher,single,secondary,no,718238,no,yes,unknown,13,453,71947,Fair,High,sara.ali780@example.com,2.01092E+11
CUST000781,Sara Khaled,2.82996E+13,92,technician,married,tertiary,no,467504,no,no,unknown,26,575,58166,Excellent,Medium,sara.khaled781@example.com,2.01066E+11
CUST000782,Aya Hassan,2.42949E+13,51,teacher,married,primary,no,20776,yes,yes,cellular,13,820,20711,Fair,Low,aya.hassan782@example.com,2.0108E+11
CUST000783,Mona Mostafa,2.89252E+13,60,engineer,married,secondary,no,1197018,no,no,unknown,15,510,74509,Good,High,mona.mostafa783@example.com,2.01076E+11
CUST000784,Aya Mostafa,3.58323E+13,33,admin.,married,secondary,no,422618,no,yes,cellular,19,615,28363,Fair,Medium,aya.mostafa784@example.com,2.01016E+11
CUST000785,Mahmoud Khaled,3.51945E+13,78,management,single,primary,no,1012896,no,no,telephone,13,775,63450,Fair,Low,mahmoud.khaled785@example.com,2.0109E+11
CUST000786,Mahmoud Samir,2.68685E+13,57,management,single,primary,no,152820,yes,no,cellular,8,686,11138,Excellent,Medium,mahmoud.samir786@example.com,2.0107E+11
CUST000787,Omar Fathy,2.50128E+13,40,engineer,single,secondary,no,148420,no,yes,unknown,31,362,37335,Fair,High,omar.fathy787@example.com,2.01021E+11
CUST000788,Aya Mahmoud,3.99471E+13,91,admin.,single,tertiary,no,123210,yes,no,unknown,22,845,15459,Excellent,Low,aya.mahmoud788@example.com,2.011E+11
CUST000789,Aya Zekry,2.19891E+13,87,blue-collar,single,secondary,no,20823,no,no,cellular,24,604,9631,Fair,Medium,aya.zekry789@example.com,2.01074E+11
CUST000790,Youssef Samir,2.87633E+13,52,teacher,single,primary,no,103290,yes,no,unknown,11,848,49610,Good,Low,youssef.samir790@example.com,2.01041E+11
CUST000791,Aya Ali,2.64452E+13,81,blue-collar,married,tertiary,no,633144,no,yes,cellular,18,845,57408,Good,Low,aya.ali791@example.com,2.01077E+11
CUST000792,Ahmed Fathy,2.48094E+13,27,blue-collar,married,tertiary,no,1352957,yes,yes,cellular,15,467,71056,Excellent,High,ahmed.fathy792@example.com,2.01092E+11
CUST000793,Nour Khaled,2.72254E+13,36,technician,divorced,tertiary,no,379227,yes,yes,telephone,13,786,31461,Fair,Low,nour.khaled793@example.com,2.01098E+11
CUST000794,Ahmed Samir,2.92502E+13,95,management,single,primary,no,1084269,no,no,telephone,3,405,72425,Fair,High,ahmed.samir794@example.com,2.01012E+11
CUST000795,Mahmoud Zekry,2.71694E+13,57,technician,single,primary,no,548391,yes,no,cellular,22,615,78574,Excellent,Medium,mahmoud.zekry795@example.com,2.01071E+11
CUST000796,Mohamed Ibrahim,3.1415E+13,92,blue-collar,single,primary,no,295752,yes,no,cellular,8,523,59139,Excellent,High,mohamed.ibrahim796@example.com,2.01013E+11
CUST000797,Youssef Ibrahim,3.90197E+13,39,teacher,married,secondary,no,602460,no,no,cellular,2,825,59890,Good,Low,youssef.ibrahim797@example.com,2.01083E+11
CUST000798,Mona Fathy,3.08897E+13,44,management,single,secondary,no,48159,yes,no,unknown,30,788,14902,Excellent,Low,mona.fathy798@example.com,2.01067E+11
CUST000799,Reem Zekry,2.23626E+13,47,teacher,married,primary,no,213002,no,no,telephone,25,800,23992,Good,Low,reem.zekry799@example.com,2.01091E+11
CUST000800,Nour Mahmoud,3.20144E+13,24,admin.,married,primary,no,1283677,no,no,unknown,18,722,75499,Fair,Low,nour.mahmoud800@example.com,2.01029E+11
CUST000801,Mohamed Ibrahim,2.6227E+13,61,engineer,single,tertiary,no,840045,no,yes,cellular,30,560,49187,Excellent,Medium,mohamed.ibrahim801@example.com,2.01044E+11
CUST000802,Reem Mostafa,3.70751E+13,39,technician,single,primary,no,86097,no,yes,cellular,11,412,28108,Good,High,reem.mostafa802@example.com,2.01068E+11
CUST000803,Nour Mostafa,3.09973E+13,73,entrepreneur,divorced,secondary,no,775597,yes,no,cellular,31,672,48688,Excellent,Medium,nour.mostafa803@example.com,2.01017E+11
CUST000804,Reem Mahmoud,3.66835E+13,23,teacher,single,tertiary,no,26517,no,yes,cellular,13,504,3443,Excellent,High,reem.mahmoud804@example.com,2.01055E+11
CUST000805,Omar Ibrahim,2.72705E+13,67,engineer,married,tertiary,no,24826,no,no,cellular,27,503,28487,Good,High,omar.ibrahim805@example.com,2.01014E+11
CUST000806,Nour Mahmoud,2.77118E+13,62,management,married,tertiary,no,1280705,no,no,unknown,3,463,75216,Excellent,High,nour.mahmoud806@example.com,2.01051E+11
CUST000807,Omar Khaled,2.39826E+13,30,blue-collar,single,secondary,no,23424,no,no,unknown,18,347,3976,Good,High,omar.khaled807@example.com,2.01096E+11
CUST000808,Reem Mostafa,3.30684E+13,23,teacher,single,tertiary,no,1343691,no,yes,telephone,20,750,74793,Good,Low,reem.mostafa808@example.com,2.01057E+11
CUST000809,Ahmed Ibrahim,3.48376E+13,52,technician,divorced,primary,no,1072090,no,no,telephone,23,480,56332,Excellent,High,ahmed.ibrahim809@example.com,2.01017E+11
CUST000810,Reem Zekry,3.74017E+13,47,teacher,divorced,tertiary,no,1166582,no,no,telephone,20,305,58280,Fair,High,reem.zekry810@example.com,2.01038E+11
CUST000811,Aya Khaled,3.49367E+13,27,teacher,divorced,secondary,no,66318,no,no,telephone,5,499,61993,Excellent,High,aya.khaled811@example.com,2.01087E+11
CUST000812,Sara Mostafa,3.58072E+13,23,admin.,divorced,secondary,no,17992,no,yes,cellular,5,554,4054,Good,Medium,sara.mostafa812@example.com,2.01011E+11
CUST000813,Youssef Zekry,3.84568E+13,23,technician,divorced,primary,no,1169941,no,yes,unknown,8,778,64949,Fair,Low,youssef.zekry813@example.com,2.01012E+11
CUST000814,Sara Khaled,2.18083E+13,77,blue-collar,married,primary,no,1028811,no,no,unknown,6,378,79095,Excellent,High,sara.khaled814@example.com,2.01017E+11
CUST000815,Youssef Adel,2.80231E+13,47,entrepreneur,married,secondary,no,629037,yes,yes,cellular,1,409,48059,Excellent,High,youssef.adel815@example.com,2.01076E+11
CUST000816,Mohamed Mostafa,3.35649E+13,72,admin.,single,secondary,no,1124795,yes,yes,cellular,28,793,59363,Good,Low,mohamed.mostafa816@example.com,2.01021E+11
CUST000817,Mona Samir,3.44712E+13,58,admin.,married,primary,no,27985,yes,yes,cellular,12,391,12199,Good,High,mona.samir817@example.com,2.01071E+11
CUST000818,Sara Adel,3.80998E+13,19,blue-collar,divorced,secondary,no,29807,yes,no,unknown,10,548,32450,Excellent,High,sara.adel818@example.com,2.01097E+11
CUST000819,Omar Mahmoud,3.81005E+13,27,entrepreneur,divorced,tertiary,no,1234,no,yes,unknown,9,711,79368,Fair,Low,omar.mahmoud819@example.com,2.01095E+11
CUST000820,Nour Hassan,3.38075E+13,45,technician,married,secondary,no,170087,no,no,unknown,23,351,12447,Fair,High,nour.hassan820@example.com,2.01044E+11
CUST000821,Aya Fathy,3.02633E+13,87,engineer,married,tertiary,no,1134623,no,yes,telephone,10,387,63250,Fair,High,aya.fathy821@example.com,2.01098E+11
CUST000822,Mohamed Zekry,3.80629E+13,94,management,divorced,primary,no,1818,yes,yes,unknown,7,676,7595,Good,Medium,mohamed.zekry822@example.com,2.01035E+11
CUST000823,Youssef Adel,2.45731E+13,91,technician,married,tertiary,no,1106542,no,yes,cellular,18,828,69378,Excellent,Low,youssef.adel823@example.com,2.01027E+11
CUST000824,Mona Ibrahim,2.20154E+13,23,blue-collar,single,primary,no,449664,yes,no,cellular,3,595,23780,Fair,Medium,mona.ibrahim824@example.com,2.01086E+11
CUST000825,Youssef Khaled,2.83177E+13,77,blue-collar,single,primary,no,104269,no,yes,unknown,17,683,53571,Excellent,Medium,youssef.khaled825@example.com,2.01064E+11
CUST000826,Omar Zekry,2.79625E+13,56,blue-collar,married,secondary,no,607427,yes,yes,telephone,15,632,46600,Fair,Medium,omar.zekry826@example.com,2.01097E+11
CUST000827,Mohamed Hassan,2.11214E+13,83,engineer,married,primary,no,97019,yes,no,cellular,18,470,23089,Good,High,mohamed.hassan827@example.com,2.01024E+11
CUST000828,Omar Samir,2.47445E+13,25,management,divorced,secondary,no,477746,yes,yes,telephone,7,435,43773,Good,High,omar.samir828@example.com,2.01074E+11
CUST000829,Mahmoud Samir,3.68344E+13,82,teacher,married,secondary,no,251014,yes,yes,cellular,16,651,17790,Fair,Medium,mahmoud.samir829@example.com,2.01044E+11
CUST000830,Youssef Zekry,3.70311E+13,52,teacher,married,tertiary,no,576299,no,no,unknown,31,343,72318,Excellent,High,youssef.zekry830@example.com,2.01065E+11
CUST000831,Aya Samir,2.52352E+13,95,management,divorced,secondary,no,116,no,yes,unknown,2,417,49417,Fair,High,aya.samir831@example.com,2.01036E+11
CUST000832,Mahmoud Mahmoud,3.88132E+13,24,technician,single,secondary,yes,148936,no,yes,unknown,25,342,48177,Poor,High,mahmoud.mahmoud832@example.com,2.01028E+11
CUST000833,Omar Mahmoud,3.25704E+13,74,management,married,secondary,no,94487,no,yes,telephone,5,576,10126,Fair,Medium,omar.mahmoud833@example.com,2.0107E+11
CUST000834,Ahmed Samir,2.1211E+13,71,entrepreneur,married,secondary,no,204305,no,yes,unknown,30,819,10685,Fair,Low,ahmed.samir834@example.com,2.01092E+11
CUST000835,Reem Khaled,2.45759E+13,60,teacher,divorced,primary,yes,1177827,yes,yes,cellular,4,495,58681,Poor,High,reem.khaled835@example.com,2.01037E+11
CUST000836,Mahmoud Mahmoud,2.73921E+13,81,management,single,primary,no,819834,yes,no,telephone,1,720,43016,Excellent,Low,mahmoud.mahmoud836@example.com,2.01014E+11
CUST000837,Aya Ali,3.70977E+13,43,technician,single,secondary,no,710639,no,no,telephone,8,680,70705,Fair,Medium,aya.ali837@example.com,2.01026E+11
CUST000838,Reem Zekry,2.53154E+13,29,admin.,married,tertiary,no,924577,yes,no,telephone,8,567,61859,Excellent,Medium,reem.zekry838@example.com,2.01076E+11
CUST000839,Youssef Fathy,3.34906E+13,94,admin.,divorced,primary,no,123165,no,no,unknown,1,643,12383,Fair,Medium,youssef.fathy839@example.com,2.01055E+11
CUST000840,Nour Zekry,3.02917E+13,21,management,single,primary,yes,500461,no,yes,telephone,5,659,31544,Poor,High,nour.zekry840@example.com,2.01063E+11
CUST000841,Mahmoud Samir,2.12559E+13,79,teacher,single,tertiary,no,819944,no,yes,unknown,23,781,43142,Fair,Low,mahmoud.samir841@example.com,2.01047E+11
CUST000842,Mahmoud Mahmoud,3.74926E+13,46,blue-collar,single,tertiary,no,1046534,yes,yes,telephone,5,630,74608,Good,Medium,mahmoud.mahmoud842@example.com,2.01096E+11
CUST000843,Nour Ali,3.69826E+13,86,technician,married,primary,no,82113,yes,yes,cellular,3,686,13720,Fair,Medium,nour.ali843@example.com,2.01035E+11
CUST000844,Youssef Adel,2.98903E+13,70,entrepreneur,married,secondary,no,40589,no,no,telephone,28,328,43982,Good,High,youssef.adel844@example.com,2.01091E+11
CUST000845,Mahmoud Fathy,2.61731E+13,37,admin.,married,secondary,no,156819,no,no,unknown,31,315,17308,Excellent,High,mahmoud.fathy845@example.com,2.01056E+11
CUST000846,Ahmed Mahmoud,2.47522E+13,22,teacher,single,primary,no,1162196,no,yes,unknown,29,692,64447,Fair,Medium,ahmed.mahmoud846@example.com,2.01073E+11
CUST000847,Ahmed Mostafa,3.86718E+13,62,teacher,married,secondary,no,191208,no,no,cellular,15,701,37306,Fair,Low,ahmed.mostafa847@example.com,2.01024E+11
CUST000848,Aya Zekry,2.20111E+13,64,engineer,divorced,tertiary,no,1212361,yes,yes,telephone,25,795,71216,Excellent,Low,aya.zekry848@example.com,2.01045E+11
CUST000849,Nour Samir,2.63907E+13,71,admin.,married,secondary,no,329350,yes,no,cellular,5,804,54091,Excellent,Low,nour.samir849@example.com,2.01014E+11
CUST000850,Ahmed Mostafa,3.12417E+13,46,engineer,divorced,secondary,no,366007,no,no,telephone,4,335,37035,Fair,High,ahmed.mostafa850@example.com,2.01061E+11
CUST000851,Omar Hassan,3.40253E+13,79,technician,divorced,secondary,no,203582,no,yes,unknown,19,500,14862,Fair,High,omar.hassan851@example.com,2.01065E+11
CUST000852,Mahmoud Ibrahim,3.26344E+13,72,admin.,married,primary,no,214999,yes,no,telephone,9,548,26288,Excellent,High,mahmoud.ibrahim852@example.com,2.01028E+11
CUST000853,Ahmed Adel,3.45396E+13,83,engineer,single,secondary,no,-3871,no,yes,unknown,1,771,76896,Excellent,Low,ahmed.adel853@example.com,2.01031E+11
CUST000854,Mona Ibrahim,3.47784E+13,40,blue-collar,divorced,primary,no,861454,yes,no,telephone,27,810,78189,Fair,Low,mona.ibrahim854@example.com,2.01079E+11
CUST000855,Mahmoud Ibrahim,2.18437E+13,50,admin.,married,primary,no,1281574,no,yes,telephone,16,667,63936,Good,Medium,mahmoud.ibrahim855@example.com,2.01097E+11
CUST000856,Sara Zekry,3.36834E+13,34,management,married,secondary,no,72146,yes,no,unknown,10,473,14665,Fair,High,sara.zekry856@example.com,2.01012E+11
CUST000857,Ahmed Mostafa,2.5362E+13,72,blue-collar,married,secondary,no,146176,yes,no,cellular,15,509,74138,Good,High,ahmed.mostafa857@example.com,2.01051E+11
CUST000858,Omar Adel,2.79707E+13,63,management,divorced,primary,no,694680,no,yes,telephone,1,519,36358,Good,High,omar.adel858@example.com,2.0109E+11
CUST000859,Omar Samir,2.86721E+13,25,technician,married,tertiary,no,71192,yes,yes,telephone,8,712,7499,Good,Low,omar.samir859@example.com,2.01096E+11
CUST000860,Nour Adel,2.36288E+13,91,engineer,married,primary,no,45401,yes,no,cellular,22,416,10327,Good,High,nour.adel860@example.com,2.01036E+11
CUST000861,Mahmoud Fathy,2.92267E+13,33,technician,divorced,secondary,no,800552,yes,no,telephone,17,716,57527,Fair,Low,mahmoud.fathy861@example.com,2.01086E+11
CUST000862,Reem Mahmoud,3.5034E+13,60,engineer,divorced,primary,no,99664,no,yes,cellular,18,444,8950,Excellent,High,reem.mahmoud862@example.com,2.01061E+11
CUST000863,Nour Ibrahim,2.4883E+13,22,teacher,married,tertiary,no,322264,no,yes,unknown,8,673,26950,Fair,Medium,nour.ibrahim863@example.com,2.01062E+11
CUST000864,Aya Adel,3.82102E+13,32,teacher,single,tertiary,no,156880,no,yes,cellular,24,591,77688,Good,Medium,aya.adel864@example.com,2.01053E+11
CUST000865,Nour Khaled,2.82429E+13,79,management,married,primary,no,248807,yes,yes,cellular,14,433,20703,Fair,High,nour.khaled865@example.com,2.01065E+11
CUST000866,Omar Ali,3.08872E+13,21,engineer,single,primary,no,478630,yes,yes,telephone,26,316,28212,Excellent,High,omar.ali866@example.com,2.01021E+11
CUST000867,Omar Khaled,3.13632E+13,24,admin.,married,primary,no,223798,yes,no,telephone,28,559,57136,Excellent,Medium,omar.khaled867@example.com,2.01022E+11
CUST000868,Reem Mostafa,3.15136E+13,62,admin.,single,secondary,no,42177,no,no,cellular,12,530,22188,Excellent,High,reem.mostafa868@example.com,2.0106E+11
CUST000869,Sara Adel,2.93067E+13,72,engineer,married,primary,no,430799,yes,no,telephone,22,776,35626,Fair,Low,sara.adel869@example.com,2.01031E+11
CUST000870,Omar Ali,2.10205E+13,84,management,married,tertiary,no,38256,yes,no,unknown,14,636,35330,Fair,Medium,omar.ali870@example.com,2.0109E+11
CUST000871,Mona Mahmoud,2.20379E+13,39,blue-collar,single,secondary,no,312129,no,no,telephone,7,344,78468,Excellent,High,mona.mahmoud871@example.com,2.01078E+11
CUST000872,Mahmoud Ali,2.38843E+13,55,entrepreneur,divorced,secondary,no,64535,yes,no,cellular,28,521,68399,Fair,High,mahmoud.ali872@example.com,2.01076E+11
CUST000873,Omar Hassan,3.13877E+13,86,admin.,single,tertiary,no,419495,no,yes,cellular,26,580,69749,Excellent,Medium,omar.hassan873@example.com,2.01093E+11
CUST000874,Reem Fathy,2.3695E+13,48,blue-collar,married,secondary,no,319867,no,no,cellular,26,803,23092,Excellent,Low,reem.fathy874@example.com,2.0105E+11
CUST000875,Mohamed Zekry,2.52186E+13,58,entrepreneur,divorced,primary,no,856231,yes,yes,cellular,30,654,65917,Fair,Medium,mohamed.zekry875@example.com,2.01036E+11
CUST000876,Reem Fathy,3.35037E+13,42,management,single,secondary,no,277946,no,yes,telephone,20,676,17236,Excellent,Medium,reem.fathy876@example.com,2.01071E+11
CUST000877,Youssef Zekry,3.5075E+13,95,entrepreneur,divorced,tertiary,no,48915,yes,yes,telephone,23,792,10546,Excellent,Low,youssef.zekry877@example.com,2.01074E+11
CUST000878,Ahmed Samir,2.48767E+13,28,entrepreneur,single,secondary,no,177123,yes,no,cellular,23,486,21656,Fair,High,ahmed.samir878@example.com,2.01035E+11
CUST000879,Reem Mahmoud,2.47947E+13,20,teacher,divorced,primary,no,935871,no,no,unknown,8,569,49256,Fair,Medium,reem.mahmoud879@example.com,2.01061E+11
CUST000880,Ahmed Ali,3.42274E+13,73,technician,married,secondary,no,84391,no,no,unknown,1,730,4664,Good,Low,ahmed.ali880@example.com,2.01095E+11
CUST000881,Mahmoud Zekry,3.47252E+13,54,blue-collar,single,secondary,no,715905,yes,no,unknown,2,746,59286,Fair,Low,mahmoud.zekry881@example.com,2.01048E+11
CUST000882,Reem Ibrahim,3.97144E+13,23,teacher,single,primary,no,153451,yes,yes,unknown,4,668,16985,Good,Medium,reem.ibrahim882@example.com,2.01059E+11
CUST000883,Youssef Fathy,3.57522E+13,35,entrepreneur,single,secondary,no,50186,yes,yes,telephone,21,708,8012,Fair,Low,youssef.fathy883@example.com,2.01034E+11
CUST000884,Mahmoud Ibrahim,2.92172E+13,58,management,divorced,tertiary,no,837313,no,yes,telephone,28,737,64576,Fair,Low,mahmoud.ibrahim884@example.com,2.0103E+11
CUST000885,Youssef Ali,2.00639E+13,30,engineer,single,secondary,no,74215,no,yes,cellular,31,594,8911,Good,Medium,youssef.ali885@example.com,2.01029E+11
CUST000886,Mahmoud Mahmoud,3.04296E+13,51,teacher,single,secondary,no,195224,no,no,telephone,14,439,65407,Good,High,mahmoud.mahmoud886@example.com,2.01025E+11
CUST000887,Reem Ali,2.96133E+13,65,blue-collar,married,secondary,no,153168,no,yes,cellular,21,762,76851,Excellent,Low,reem.ali887@example.com,2.01013E+11
CUST000888,Mahmoud Zekry,2.82946E+13,62,blue-collar,single,tertiary,no,-4609,no,no,cellular,16,491,14710,Fair,High,mahmoud.zekry888@example.com,2.01079E+11
CUST000889,Sara Khaled,3.26689E+13,42,admin.,divorced,secondary,no,-2278,no,no,telephone,2,349,52649,Good,High,sara.khaled889@example.com,2.01019E+11
CUST000890,Ahmed Adel,2.01862E+13,68,management,married,primary,no,31793,yes,yes,telephone,25,547,14453,Fair,High,ahmed.adel890@example.com,2.01073E+11
CUST000891,Mahmoud Mahmoud,3.82899E+13,77,technician,divorced,secondary,no,403438,no,no,telephone,19,366,50561,Fair,High,mahmoud.mahmoud891@example.com,2.01043E+11
CUST000892,Omar Hassan,3.72304E+13,83,technician,married,tertiary,no,126807,yes,yes,cellular,10,510,9190,Excellent,High,omar.hassan892@example.com,2.01033E+11
CUST000893,Mohamed Ali,3.60733E+13,28,admin.,married,secondary,no,377885,no,yes,telephone,10,655,76228,Good,Medium,mohamed.ali893@example.com,2.01052E+11
CUST000894,Ahmed Mahmoud,3.43615E+13,86,entrepreneur,single,secondary,no,-2401,no,yes,telephone,23,366,46826,Good,High,ahmed.mahmoud894@example.com,2.01068E+11
CUST000895,Reem Khaled,2.04853E+13,73,teacher,divorced,primary,no,1105687,yes,yes,unknown,11,710,64834,Excellent,Low,reem.khaled895@example.com,2.01092E+11
CUST000896,Youssef Adel,2.50353E+13,50,management,divorced,primary,no,36527,yes,no,unknown,3,642,3020,Excellent,Medium,youssef.adel896@example.com,2.01084E+11
CUST000897,Ahmed Adel,3.49655E+13,29,engineer,single,primary,no,46083,yes,yes,cellular,19,710,44725,Good,Low,ahmed.adel897@example.com,2.01027E+11
CUST000898,Mahmoud Mostafa,3.45937E+13,44,teacher,single,primary,no,245619,yes,yes,cellular,1,598,40444,Fair,Medium,mahmoud.mostafa898@example.com,2.01016E+11
CUST000899,Mahmoud Samir,2.20883E+13,49,management,single,secondary,no,414347,no,no,cellular,12,383,51220,Good,High,mahmoud.samir899@example.com,2.01036E+11
CUST000900,Mona Khaled,2.24973E+13,37,admin.,single,secondary,no,410059,no,yes,unknown,31,423,29552,Excellent,High,mona.khaled900@example.com,2.01086E+11
CUST000901,Aya Ibrahim,2.20024E+13,56,blue-collar,single,secondary,no,626990,yes,yes,telephone,25,673,78125,Excellent,Medium,aya.ibrahim901@example.com,2.01025E+11
CUST000902,Reem Khaled,2.61576E+13,76,technician,married,primary,no,503415,no,yes,unknown,31,442,33476,Excellent,High,reem.khaled902@example.com,2.01029E+11
CUST000903,Mohamed Khaled,2.83719E+13,86,management,married,primary,no,72437,no,no,telephone,18,329,76737,Good,High,mohamed.khaled903@example.com,2.0105E+11
CUST000904,Mona Ali,3.01315E+13,21,entrepreneur,divorced,tertiary,no,50800,no,yes,cellular,30,641,51316,Excellent,Medium,mona.ali904@example.com,2.01044E+11
CUST000905,Reem Mostafa,3.94769E+13,72,management,married,tertiary,no,838018,yes,no,unknown,22,527,49086,Good,High,reem.mostafa905@example.com,2.0106E+11
CUST000906,Sara Fathy,2.48279E+13,36,engineer,single,primary,no,470723,yes,yes,telephone,11,380,36443,Excellent,High,sara.fathy906@example.com,2.01099E+11
CUST000907,Mahmoud Ibrahim,2.15727E+13,49,technician,married,tertiary,no,415364,no,yes,telephone,15,511,29867,Fair,High,mahmoud.ibrahim907@example.com,2.01089E+11
CUST000908,Mona Samir,2.8084E+13,64,admin.,married,primary,no,84380,no,no,cellular,10,603,29220,Good,Medium,mona.samir908@example.com,2.01027E+11
CUST000909,Omar Ibrahim,2.94104E+13,18,admin.,divorced,secondary,no,698059,yes,yes,cellular,11,528,53887,Fair,High,omar.ibrahim909@example.com,2.0107E+11
CUST000910,Aya Ali,2.04111E+13,65,blue-collar,divorced,tertiary,no,480453,no,no,unknown,27,849,60203,Excellent,Low,aya.ali910@example.com,2.01071E+11
CUST000911,Mona Mahmoud,3.2654E+13,91,technician,divorced,secondary,no,132129,yes,no,unknown,20,653,13193,Excellent,Medium,mona.mahmoud911@example.com,2.01063E+11
CUST000912,Sara Khaled,3.91978E+13,54,technician,married,tertiary,no,1019204,yes,yes,unknown,27,507,67656,Fair,High,sara.khaled912@example.com,2.01067E+11
CUST000913,Youssef Samir,2.08816E+13,52,technician,single,tertiary,no,1274422,no,no,telephone,18,704,70913,Fair,Low,youssef.samir913@example.com,2.01061E+11
CUST000914,Youssef Hassan,3.00066E+13,83,teacher,single,secondary,no,216375,yes,no,cellular,8,827,36799,Fair,Low,youssef.hassan914@example.com,2.01047E+11
CUST000915,Aya Fathy,3.2959E+13,45,technician,single,tertiary,no,592899,no,no,unknown,6,352,45569,Excellent,High,aya.fathy915@example.com,2.01042E+11
CUST000916,Youssef Mostafa,2.44266E+13,57,management,single,tertiary,no,142660,yes,no,telephone,30,555,73337,Fair,Medium,youssef.mostafa916@example.com,2.01025E+11
CUST000917,Mahmoud Fathy,2.4869E+13,41,entrepreneur,single,tertiary,yes,11196,yes,no,telephone,2,850,9238,Poor,High,mahmoud.fathy917@example.com,2.01067E+11
CUST000918,Omar Fathy,3.65357E+13,60,technician,married,secondary,no,426188,no,no,cellular,8,850,53053,Excellent,Low,omar.fathy918@example.com,2.01089E+11
CUST000919,Mahmoud Mostafa,2.10956E+13,81,management,married,secondary,no,63848,no,no,cellular,6,418,59370,Excellent,High,mahmoud.mostafa919@example.com,2.01018E+11
CUST000920,Ahmed Ibrahim,3.95403E+13,91,blue-collar,married,tertiary,no,691566,no,yes,unknown,8,582,57308,Fair,Medium,ahmed.ibrahim920@example.com,2.01026E+11
CUST000921,Mahmoud Ibrahim,3.31149E+13,51,admin.,married,primary,no,364092,no,no,cellular,5,598,72531,Fair,Medium,mahmoud.ibrahim921@example.com,2.01071E+11
CUST000922,Reem Mostafa,3.42126E+13,63,teacher,married,secondary,no,748883,no,no,cellular,24,475,68347,Good,High,reem.mostafa922@example.com,2.01069E+11
CUST000923,Ahmed Mostafa,2.56471E+13,60,technician,divorced,primary,no,401925,no,no,cellular,16,517,79650,Excellent,High,ahmed.mostafa923@example.com,2.0103E+11
CUST000924,Sara Ali,2.28116E+13,61,admin.,divorced,secondary,no,390972,yes,no,unknown,15,632,65511,Good,Medium,sara.ali924@example.com,2.01083E+11
CUST000925,Mona Mostafa,3.03434E+13,81,management,married,secondary,no,292983,no,no,telephone,16,584,16227,Fair,Medium,mona.mostafa925@example.com,2.0105E+11
CUST000926,Sara Khaled,2.60368E+13,78,teacher,married,tertiary,no,646871,yes,no,telephone,14,661,34131,Good,Medium,sara.khaled926@example.com,2.01074E+11
CUST000927,Sara Ibrahim,3.36351E+13,88,engineer,divorced,tertiary,no,187173,yes,no,telephone,11,667,9683,Good,Medium,sara.ibrahim927@example.com,2.01055E+11
CUST000928,Mona Zekry,2.11625E+13,77,engineer,married,primary,no,372177,yes,no,unknown,4,735,28438,Excellent,Low,mona.zekry928@example.com,2.01053E+11
CUST000929,Youssef Samir,2.61555E+13,71,entrepreneur,married,secondary,no,263914,no,yes,unknown,19,500,38372,Fair,High,youssef.samir929@example.com,2.0101E+11
CUST000930,Reem Samir,2.00333E+13,48,technician,married,tertiary,no,188709,yes,yes,unknown,14,525,26606,Excellent,High,reem.samir930@example.com,2.01022E+11
CUST000931,Omar Samir,3.45492E+13,18,technician,divorced,tertiary,no,613778,no,no,unknown,14,677,43826,Fair,Medium,omar.samir931@example.com,2.01088E+11
CUST000932,Omar Fathy,3.7176E+13,81,blue-collar,single,secondary,no,322245,yes,no,telephone,10,623,46077,Excellent,Medium,omar.fathy932@example.com,2.01016E+11
CUST000933,Mona Ali,2.7028E+13,92,blue-collar,divorced,secondary,no,107026,no,no,telephone,23,348,5333,Good,High,mona.ali933@example.com,2.01032E+11
CUST000934,Youssef Hassan,3.21986E+13,88,blue-collar,single,secondary,no,11819,no,no,unknown,10,758,3744,Excellent,Low,youssef.hassan934@example.com,2.01053E+11
CUST000935,Sara Samir,3.43928E+13,81,engineer,single,secondary,no,159261,yes,no,cellular,10,650,26644,Fair,Medium,sara.samir935@example.com,2.01079E+11
CUST000936,Mohamed Samir,2.3928E+13,65,engineer,divorced,secondary,no,401158,yes,no,cellular,23,820,39987,Excellent,Low,mohamed.samir936@example.com,2.01046E+11
CUST000937,Mahmoud Hassan,2.8779E+13,20,entrepreneur,single,tertiary,no,624123,no,yes,cellular,9,406,36607,Good,High,mahmoud.hassan937@example.com,2.01028E+11
CUST000938,Nour Fathy,2.01953E+13,65,teacher,single,primary,no,221185,yes,no,cellular,22,604,19954,Good,Medium,nour.fathy938@example.com,2.01079E+11
CUST000939,Mona Mostafa,3.8346E+13,35,technician,divorced,primary,no,1075983,yes,no,unknown,26,653,72020,Excellent,Medium,mona.mostafa939@example.com,2.01077E+11
CUST000940,Sara Samir,3.89821E+13,79,admin.,married,primary,no,315869,no,no,cellular,26,798,63758,Fair,Low,sara.samir940@example.com,2.01012E+11
CUST000941,Mahmoud Hassan,2.01097E+13,51,management,single,secondary,no,500809,yes,yes,cellular,15,705,41876,Good,Low,mahmoud.hassan941@example.com,2.01083E+11
CUST000942,Mohamed Hassan,3.91494E+13,87,blue-collar,single,primary,no,-1034,yes,no,telephone,8,475,26746,Good,High,mohamed.hassan942@example.com,2.01093E+11
CUST000943,Youssef Ibrahim,2.02768E+13,26,technician,single,secondary,no,1197251,no,no,cellular,13,415,63085,Good,High,youssef.ibrahim943@example.com,2.01083E+11
CUST000944,Sara Samir,2.15269E+13,74,technician,single,tertiary,no,139232,no,yes,telephone,2,518,67617,Good,High,sara.samir944@example.com,2.01056E+11
CUST000945,Reem Hassan,3.40726E+13,37,teacher,single,tertiary,no,508135,yes,no,telephone,4,594,72183,Fair,Medium,reem.hassan945@example.com,2.0101E+11
CUST000946,Nour Fathy,3.43566E+13,36,entrepreneur,single,secondary,no,1018879,yes,no,cellular,7,741,78503,Fair,Low,nour.fathy946@example.com,2.01032E+11
CUST000947,Aya Khaled,3.08351E+13,62,blue-collar,single,tertiary,no,1339640,no,no,cellular,10,576,67231,Excellent,Medium,aya.khaled947@example.com,2.01076E+11
CUST000948,Nour Fathy,2.9258E+13,29,admin.,married,tertiary,no,395858,yes,no,unknown,21,633,43607,Good,Medium,nour.fathy948@example.com,2.01071E+11
CUST000949,Reem Zekry,3.78072E+13,85,entrepreneur,single,primary,no,77738,no,no,cellular,8,846,15513,Good,Low,reem.zekry949@example.com,2.01085E+11
CUST000950,Aya Ibrahim,2.65588E+13,81,engineer,divorced,primary,no,1116588,no,yes,telephone,27,342,74586,Good,High,aya.ibrahim950@example.com,2.01074E+11
CUST000951,Aya Adel,3.56056E+13,76,entrepreneur,divorced,secondary,no,46461,yes,yes,cellular,18,709,22097,Excellent,Low,aya.adel951@example.com,2.01026E+11
CUST000952,Reem Khaled,3.8528E+13,20,entrepreneur,single,primary,no,657916,no,no,telephone,23,586,38580,Excellent,Medium,reem.khaled952@example.com,2.01074E+11
CUST000953,Reem Ibrahim,2.45261E+13,26,teacher,single,tertiary,no,966734,yes,yes,cellular,6,401,64475,Good,High,reem.ibrahim953@example.com,2.01086E+11
CUST000954,Ahmed Mostafa,3.83571E+13,27,admin.,divorced,primary,no,70509,no,no,telephone,5,333,35684,Fair,High,ahmed.mostafa954@example.com,2.01074E+11
CUST000955,Omar Mostafa,2.23055E+13,28,management,divorced,secondary,no,346123,no,yes,telephone,30,660,17351,Fair,Medium,omar.mostafa955@example.com,2.01085E+11
CUST000956,Aya Zekry,2.11314E+13,25,engineer,divorced,secondary,no,132558,yes,yes,telephone,6,815,14854,Good,Low,aya.zekry956@example.com,2.01071E+11
CUST000957,Nour Zekry,3.60175E+13,66,entrepreneur,single,secondary,no,77363,yes,yes,cellular,7,436,76708,Excellent,High,nour.zekry957@example.com,2.01047E+11
CUST000958,Nour Fathy,2.43706E+13,59,entrepreneur,married,tertiary,no,41823,no,no,cellular,4,699,39355,Good,Medium,nour.fathy958@example.com,2.0109E+11
CUST000959,Omar Adel,2.41978E+13,47,engineer,single,tertiary,no,100562,no,no,unknown,10,601,48595,Fair,Medium,omar.adel959@example.com,2.01074E+11
CUST000960,Mona Adel,3.86185E+13,57,technician,single,primary,no,961919,no,yes,telephone,26,594,68407,Fair,Medium,mona.adel960@example.com,2.0106E+11
CUST000961,Ahmed Ibrahim,3.55773E+13,44,entrepreneur,married,primary,no,188937,yes,yes,cellular,10,593,63333,Excellent,Medium,ahmed.ibrahim961@example.com,2.01019E+11
CUST000962,Youssef Mostafa,3.69345E+13,19,entrepreneur,single,tertiary,no,646533,yes,no,telephone,10,806,38312,Excellent,Low,youssef.mostafa962@example.com,2.01017E+11
CUST000963,Nour Hassan,3.57566E+13,79,entrepreneur,divorced,secondary,no,785096,no,yes,unknown,28,739,43341,Excellent,Low,nour.hassan963@example.com,2.01097E+11
CUST000964,Sara Adel,3.77571E+13,89,engineer,divorced,tertiary,no,185503,no,no,cellular,30,830,36876,Excellent,Low,sara.adel964@example.com,2.01047E+11
CUST000965,Aya Ibrahim,2.14689E+13,75,management,single,tertiary,no,1260678,yes,no,telephone,7,764,62836,Good,Low,aya.ibrahim965@example.com,2.01077E+11
CUST000966,Mona Zekry,3.37607E+13,18,admin.,married,tertiary,no,698408,no,no,unknown,27,815,38907,Excellent,Low,mona.zekry966@example.com,2.01024E+11
CUST000967,Omar Ali,2.63552E+13,37,teacher,married,primary,no,1089828,no,no,unknown,31,329,68328,Fair,High,omar.ali967@example.com,2.01063E+11
CUST000968,Aya Mahmoud,3.78914E+13,81,technician,divorced,secondary,no,606906,yes,yes,unknown,9,458,67259,Excellent,High,aya.mahmoud968@example.com,2.01074E+11
CUST000969,Omar Ali,3.74437E+13,86,management,married,tertiary,no,339066,yes,no,cellular,20,609,47762,Good,Medium,omar.ali969@example.com,2.01094E+11
CUST000970,Nour Samir,2.89755E+13,32,teacher,divorced,tertiary,no,254824,no,no,unknown,14,704,13569,Excellent,Low,nour.samir970@example.com,2.01087E+11
CUST000971,Youssef Fathy,2.5627E+13,95,engineer,married,secondary,no,251511,yes,no,cellular,15,716,50420,Good,Low,youssef.fathy971@example.com,2.01041E+11
CUST000972,Reem Ali,2.9509E+13,29,entrepreneur,single,secondary,no,129945,yes,yes,telephone,21,685,6986,Good,Medium,reem.ali972@example.com,2.01097E+11
CUST000973,Omar Mahmoud,3.58553E+13,28,technician,married,secondary,no,595088,yes,no,unknown,3,821,33321,Good,Low,omar.mahmoud973@example.com,2.01035E+11
CUST000974,Nour Khaled,2.07478E+13,59,technician,divorced,tertiary,no,423030,no,no,unknown,28,415,53501,Fair,High,nour.khaled974@example.com,2.01035E+11
CUST000975,Youssef Ali,3.91877E+13,57,teacher,divorced,primary,no,1128475,yes,no,cellular,24,391,70820,Good,High,youssef.ali975@example.com,2.01018E+11
CUST000976,Ahmed Fathy,3.49043E+13,95,technician,married,tertiary,no,225754,no,no,telephone,18,352,27988,Fair,High,ahmed.fathy976@example.com,2.01087E+11
CUST000977,Mohamed Adel,2.81935E+13,75,entrepreneur,divorced,primary,no,339197,no,yes,cellular,17,588,24049,Fair,Medium,mohamed.adel977@example.com,2.0109E+11
CUST000978,Mohamed Adel,3.0422E+13,75,admin.,single,secondary,no,481929,no,yes,telephone,11,599,48662,Fair,Medium,mohamed.adel978@example.com,2.01027E+11
CUST000979,Ahmed Hassan,2.52262E+13,67,technician,divorced,tertiary,no,362113,no,yes,unknown,5,545,19089,Good,High,ahmed.hassan979@example.com,2.01015E+11
CUST000980,Youssef Samir,3.16323E+13,95,technician,single,tertiary,yes,316204,yes,yes,telephone,29,502,52125,Poor,High,youssef.samir980@example.com,2.01064E+11
CUST000981,Reem Hassan,3.76065E+13,35,technician,divorced,primary,no,850030,yes,yes,unknown,22,839,56565,Good,Low,reem.hassan981@example.com,2.01085E+11
CUST000982,Mahmoud Adel,3.22709E+13,86,engineer,divorced,secondary,no,793437,yes,no,cellular,2,554,72142,Fair,Medium,mahmoud.adel982@example.com,2.01039E+11
CUST000983,Mona Zekry,2.04238E+13,44,admin.,married,primary,no,296768,no,no,cellular,4,783,24661,Excellent,Low,mona.zekry983@example.com,2.01094E+11
CUST000984,Nour Fathy,3.92344E+13,53,engineer,divorced,tertiary,no,318780,no,no,unknown,2,479,53064,Fair,High,nour.fathy984@example.com,2.01038E+11
CUST000985,Mahmoud Hassan,2.59672E+13,59,engineer,married,primary,no,1093785,yes,yes,telephone,29,797,54783,Fair,Low,mahmoud.hassan985@example.com,2.01048E+11
CUST000986,Aya Fathy,2.86746E+13,23,entrepreneur,single,secondary,no,144663,yes,yes,cellular,16,736,24902,Fair,Low,aya.fathy986@example.com,2.01032E+11
CUST000987,Youssef Ali,3.86179E+13,61,teacher,divorced,tertiary,no,523945,yes,yes,cellular,26,710,32623,Fair,Low,youssef.ali987@example.com,2.01067E+11
CUST000988,Sara Hassan,3.43311E+13,53,entrepreneur,divorced,primary,no,32420,yes,no,cellular,3,505,3461,Good,High,sara.hassan988@example.com,2.01087E+11
CUST000989,Omar Mostafa,3.14808E+13,18,blue-collar,divorced,primary,no,277447,yes,yes,telephone,28,423,25250,Fair,High,omar.mostafa989@example.com,2.01018E+11
CUST000990,Reem Samir,3.65744E+13,77,management,divorced,tertiary,no,722779,yes,no,cellular,11,398,42241,Fair,High,reem.samir990@example.com,2.01074E+11
CUST000991,Youssef Zekry,2.02924E+13,32,blue-collar,divorced,secondary,no,503581,no,yes,cellular,31,321,63348,Good,High,youssef.zekry991@example.com,2.01088E+11
CUST000992,Reem Adel,2.75895E+13,73,entrepreneur,single,primary,no,754036,yes,yes,cellular,10,407,68700,Good,High,reem.adel992@example.com,2.01028E+11
CUST000993,Mahmoud Hassan,2.06013E+13,32,teacher,divorced,primary,no,221749,yes,no,telephone,20,353,37777,Excellent,High,mahmoud.hassan993@example.com,2.01018E+11
CUST000994,Mahmoud Samir,2.00146E+13,49,entrepreneur,married,tertiary,no,668969,no,no,unknown,30,734,41528,Good,Low,mahmoud.samir994@example.com,2.01099E+11
CUST000995,Mona Khaled,3.40993E+13,30,management,married,primary,no,592824,no,no,cellular,13,439,59109,Fair,High,mona.khaled995@example.com,2.01015E+11
CUST000996,Youssef Samir,3.10155E+13,34,engineer,married,secondary,no,513384,no,yes,unknown,6,718,26871,Good,Low,youssef.samir996@example.com,2.01044E+11
CUST000997,Ahmed Zekry,3.56117E+13,83,blue-collar,single,primary,no,580861,no,yes,unknown,2,603,28957,Fair,Medium,ahmed.zekry997@example.com,2.01043E+11
CUST000998,Nour Ibrahim,2.06612E+13,93,technician,single,secondary,no,669505,yes,yes,telephone,4,626,55694,Excellent,Medium,nour.ibrahim998@example.com,2.01061E+11
CUST000999,Mohamed Samir,2.70559E+13,95,teacher,divorced,primary,no,1144014,no,yes,cellular,7,732,63689,Excellent,Low,mohamed.samir999@example.com,2.01073E+11
CUST001000,Mahmoud Hassan,3.74401E+13,57,engineer,divorced,secondary,no,129458,no,yes,cellular,21,492,15880,Good,High,mahmoud.hassan1000@example.com,2.01027E+11
CUST001001,Ahmed Khaled,3.95415E+13,24,teacher,single,tertiary,no,135711,yes,no,telephone,12,776,45726,Fair,Low,ahmed.khaled1001@example.com,2.01049E+11
CUST001002,Ahmed Mostafa,3.41718E+13,26,entrepreneur,divorced,primary,no,429703,yes,yes,unknown,31,382,61996,Fair,High,ahmed.mostafa1002@example.com,2.01028E+11
CUST001003,Sara Samir,3.59572E+13,95,admin.,single,primary,no,711640,no,yes,unknown,11,316,44349,Excellent,High,sara.samir1003@example.com,2.01053E+11
CUST001004,Aya Khaled,3.09998E+13,91,management,divorced,primary,no,236288,no,yes,telephone,31,303,38990,Good,High,aya.khaled1004@example.com,2.01076E+11
CUST001005,Nour Khaled,3.19598E+13,57,management,divorced,primary,no,-1099,yes,no,unknown,9,666,56474,Excellent,Medium,nour.khaled1005@example.com,2.01098E+11
CUST001006,Reem Ibrahim,2.28231E+13,38,blue-collar,divorced,tertiary,no,73318,yes,yes,telephone,28,685,15130,Excellent,Medium,reem.ibrahim1006@example.com,2.01032E+11
CUST001007,Reem Zekry,3.84673E+13,91,technician,single,tertiary,no,1067634,yes,yes,unknown,11,414,62569,Good,High,reem.zekry1007@example.com,2.01025E+11
CUST001008,Mohamed Samir,2.76144E+13,59,technician,single,primary,no,1012430,no,yes,telephone,26,586,67380,Good,Medium,mohamed.samir1008@example.com,2.01084E+11
CUST001009,Ahmed Hassan,3.1368E+13,31,admin.,single,tertiary,no,79501,yes,yes,unknown,14,758,40954,Good,Low,ahmed.hassan1009@example.com,2.01036E+11
CUST001010,Mohamed Khaled,3.88036E+13,81,admin.,divorced,primary,no,26880,yes,yes,unknown,11,766,14407,Excellent,Low,mohamed.khaled1010@example.com,2.01047E+11
CUST001011,Sara Ali,3.65474E+13,29,blue-collar,single,tertiary,no,58,no,yes,telephone,24,491,31667,Excellent,High,sara.ali1011@example.com,2.01096E+11
CUST001012,Mona Samir,3.60377E+13,85,blue-collar,divorced,secondary,no,636820,no,yes,cellular,3,575,57783,Fair,Medium,mona.samir1012@example.com,2.01076E+11
CUST001013,Mona Khaled,2.98185E+13,50,management,divorced,primary,no,156044,yes,yes,cellular,18,641,30555,Fair,Medium,mona.khaled1013@example.com,2.01055E+11
CUST001014,Sara Ibrahim,2.38522E+13,59,technician,single,tertiary,no,1276432,yes,yes,cellular,24,391,67192,Good,High,sara.ibrahim1014@example.com,2.01089E+11
CUST001015,Mohamed Mahmoud,2.92114E+13,91,blue-collar,married,tertiary,no,407022,yes,no,unknown,12,515,29298,Good,High,mohamed.mahmoud1015@example.com,2.01097E+11
CUST001016,Sara Samir,2.16783E+13,27,teacher,divorced,tertiary,no,147560,no,no,cellular,27,482,36198,Excellent,High,sara.samir1016@example.com,2.01015E+11
CUST001017,Nour Zekry,2.17064E+13,42,engineer,single,secondary,no,580338,no,no,cellular,24,801,48691,Fair,Low,nour.zekry1017@example.com,2.011E+11
CUST001018,Sara Zekry,2.84132E+13,26,management,divorced,tertiary,no,812059,no,yes,telephone,13,636,62179,Excellent,Medium,sara.zekry1018@example.com,2.01084E+11
CUST001019,Sara Adel,3.54051E+13,45,teacher,single,tertiary,no,414897,yes,yes,telephone,25,794,59697,Excellent,Low,sara.adel1019@example.com,2.01094E+11
CUST001020,Nour Mahmoud,2.44379E+13,29,blue-collar,divorced,primary,no,978980,yes,no,unknown,15,639,65093,Excellent,Medium,nour.mahmoud1020@example.com,2.01094E+11
CUST001021,Ahmed Ali,3.99693E+13,18,admin.,divorced,secondary,no,1045824,no,no,unknown,31,417,65341,Good,High,ahmed.ali1021@example.com,2.01014E+11
CUST001022,Reem Fathy,2.94211E+13,74,blue-collar,single,secondary,no,45806,no,yes,cellular,13,367,16875,Good,High,reem.fathy1022@example.com,2.01048E+11
CUST001023,Mohamed Adel,3.1276E+13,54,engineer,single,tertiary,no,457630,yes,yes,telephone,1,712,30554,Fair,Low,mohamed.adel1023@example.com,2.0104E+11
CUST001024,Ahmed Zekry,2.50612E+13,69,technician,single,tertiary,no,927915,yes,yes,unknown,13,658,48797,Fair,Medium,ahmed.zekry1024@example.com,2.0106E+11
CUST001025,Youssef Mahmoud,2.44496E+13,75,management,single,tertiary,no,700133,no,no,unknown,27,466,39022,Good,High,youssef.mahmoud1025@example.com,2.01056E+11
CUST001026,Youssef Fathy,3.77086E+13,60,admin.,single,primary,no,63441,yes,yes,cellular,27,849,6169,Fair,Low,youssef.fathy1026@example.com,2.01064E+11
CUST001027,Mona Khaled,2.57347E+13,82,blue-collar,divorced,secondary,no,27579,no,no,telephone,30,416,11957,Fair,High,mona.khaled1027@example.com,2.01055E+11
CUST001028,Mahmoud Hassan,2.08784E+13,81,management,married,secondary,no,209626,no,no,telephone,16,543,35463,Good,High,mahmoud.hassan1028@example.com,2.01034E+11
CUST001029,Mahmoud Ibrahim,2.6575E+13,67,technician,married,tertiary,no,55394,no,yes,telephone,18,771,4794,Fair,Low,mahmoud.ibrahim1029@example.com,2.01097E+11
CUST001030,Mona Mostafa,3.75044E+13,48,teacher,married,tertiary,no,106605,yes,yes,cellular,18,495,7660,Excellent,High,mona.mostafa1030@example.com,2.01027E+11
CUST001031,Mona Samir,3.60738E+13,74,admin.,divorced,primary,yes,228033,no,no,unknown,5,353,11899,Poor,High,mona.samir1031@example.com,2.01069E+11
CUST001032,Omar Hassan,2.39928E+13,94,management,divorced,secondary,no,168475,no,no,telephone,26,456,54800,Fair,High,omar.hassan1032@example.com,2.01057E+11
CUST001033,Sara Zekry,2.65912E+13,85,technician,divorced,primary,no,712189,yes,yes,unknown,29,687,78602,Good,Medium,sara.zekry1033@example.com,2.01081E+11
CUST001034,Nour Hassan,3.22229E+13,59,teacher,married,secondary,no,-2098,yes,no,telephone,25,344,54837,Fair,High,nour.hassan1034@example.com,2.01099E+11
CUST001035,Omar Ibrahim,3.24622E+13,77,blue-collar,single,primary,no,508752,no,no,unknown,11,706,26771,Excellent,Low,omar.ibrahim1035@example.com,2.01038E+11
CUST001036,Reem Mostafa,3.88445E+13,63,engineer,married,secondary,no,465638,yes,yes,telephone,22,553,78018,Fair,Medium,reem.mostafa1036@example.com,2.01075E+11
CUST001037,Nour Mostafa,3.6329E+13,67,entrepreneur,divorced,secondary,no,2950,no,no,unknown,24,631,63574,Fair,Medium,nour.mostafa1037@example.com,2.01051E+11
CUST001038,Sara Ibrahim,3.99234E+13,42,blue-collar,divorced,primary,no,303099,yes,no,telephone,16,312,27842,Excellent,High,sara.ibrahim1038@example.com,2.01041E+11
CUST001039,Nour Hassan,3.26553E+13,83,management,divorced,secondary,no,65385,yes,no,unknown,1,847,33944,Fair,Low,nour.hassan1039@example.com,2.01074E+11
CUST001040,Mona Mahmoud,2.05884E+13,86,admin.,married,secondary,no,251406,no,no,telephone,4,775,61945,Excellent,Low,mona.mahmoud1040@example.com,2.01027E+11
CUST001041,Aya Fathy,3.32921E+13,78,technician,married,primary,no,803433,yes,yes,telephone,9,633,57459,Good,Medium,aya.fathy1041@example.com,2.01022E+11
CUST001042,Mohamed Zekry,2.21231E+13,63,entrepreneur,married,primary,no,609937,no,no,telephone,28,536,32186,Excellent,High,mohamed.zekry1042@example.com,2.01087E+11
CUST001043,Sara Ali,2.16644E+13,83,entrepreneur,divorced,tertiary,yes,493029,no,yes,telephone,18,749,61845,Poor,High,sara.ali1043@example.com,2.01056E+11
CUST001044,Sara Fathy,2.07231E+13,64,entrepreneur,divorced,secondary,no,486913,no,no,cellular,9,396,28460,Excellent,High,sara.fathy1044@example.com,2.01042E+11
CUST001045,Ahmed Ali,2.34748E+13,36,teacher,divorced,tertiary,no,636521,no,yes,telephone,24,540,42685,Fair,High,ahmed.ali1045@example.com,2.01048E+11
CUST001046,Mona Ali,3.70519E+13,29,blue-collar,married,tertiary,no,107734,yes,no,telephone,7,437,53928,Good,High,mona.ali1046@example.com,2.01034E+11
CUST001047,Youssef Mostafa,3.67066E+13,20,teacher,married,secondary,no,70093,no,yes,telephone,7,312,71571,Fair,High,youssef.mostafa1047@example.com,2.01056E+11
CUST001048,Youssef Ibrahim,2.71155E+13,63,admin.,single,secondary,no,221871,no,yes,unknown,7,703,18104,Good,Low,youssef.ibrahim1048@example.com,2.01027E+11
CUST001049,Aya Ibrahim,2.18939E+13,24,technician,single,tertiary,no,214427,yes,no,telephone,22,738,53420,Excellent,Low,aya.ibrahim1049@example.com,2.01062E+11
CUST001050,Mahmoud Ali,2.28687E+13,18,blue-collar,single,primary,no,381721,yes,no,telephone,2,616,25762,Excellent,Medium,mahmoud.ali1050@example.com,2.01018E+11
CUST001051,Omar Samir,3.99075E+13,62,management,married,primary,no,302767,no,yes,unknown,21,769,50209,Fair,Low,omar.samir1051@example.com,2.01019E+11
CUST001052,Aya Fathy,3.90774E+13,31,entrepreneur,married,primary,no,449520,yes,yes,cellular,4,539,63547,Excellent,High,aya.fathy1052@example.com,2.01096E+11
CUST001053,Mohamed Ali,2.60827E+13,80,technician,divorced,primary,no,371973,yes,no,telephone,19,745,37296,Excellent,Low,mohamed.ali1053@example.com,2.01014E+11
CUST001054,Omar Khaled,2.26592E+13,20,technician,divorced,tertiary,no,18897,yes,no,cellular,10,618,3589,Excellent,Medium,omar.khaled1054@example.com,2.0105E+11
CUST001055,Mahmoud Mostafa,2.19061E+13,64,engineer,divorced,primary,no,128245,yes,no,cellular,5,428,21190,Good,High,mahmoud.mostafa1055@example.com,2.01094E+11
CUST001056,Mona Fathy,3.77676E+13,19,engineer,married,secondary,no,862494,no,no,cellular,27,377,78349,Fair,High,mona.fathy1056@example.com,2.01035E+11
CUST001057,Youssef Fathy,2.83148E+13,89,admin.,divorced,secondary,no,254155,yes,no,unknown,12,755,18455,Fair,Low,youssef.fathy1057@example.com,2.01054E+11
CUST001058,Mahmoud Adel,2.28582E+13,19,management,single,secondary,no,163631,yes,no,telephone,1,826,39885,Good,Low,mahmoud.adel1058@example.com,2.0101E+11
CUST001059,Ahmed Mahmoud,3.00686E+13,71,management,divorced,tertiary,no,410345,no,no,telephone,17,788,58546,Fair,Low,ahmed.mahmoud1059@example.com,2.01057E+11
CUST001060,Nour Zekry,2.10404E+13,24,engineer,divorced,tertiary,no,1051166,yes,yes,cellular,5,368,69920,Fair,High,nour.zekry1060@example.com,2.01027E+11
CUST001061,Nour Mostafa,2.2741E+13,43,technician,married,secondary,no,1261806,yes,no,unknown,16,463,79023,Good,High,nour.mostafa1061@example.com,2.01037E+11
CUST001062,Reem Khaled,3.85582E+13,87,management,single,primary,no,1077987,yes,yes,telephone,14,778,77011,Good,Low,reem.khaled1062@example.com,2.01018E+11
CUST001063,Sara Samir,2.77571E+13,84,entrepreneur,divorced,tertiary,no,264915,yes,yes,telephone,4,395,14687,Excellent,High,sara.samir1063@example.com,2.01019E+11
CUST001064,Mahmoud Fathy,3.1735E+13,74,blue-collar,divorced,tertiary,no,129521,no,yes,unknown,8,739,6259,Good,Low,mahmoud.fathy1064@example.com,2.01023E+11
CUST001065,Ahmed Hassan,3.23757E+13,88,management,married,primary,no,825379,no,yes,unknown,15,642,55218,Excellent,Medium,ahmed.hassan1065@example.com,2.01022E+11
CUST001066,Mahmoud Hassan,2.50954E+13,47,engineer,divorced,tertiary,no,-1057,no,yes,telephone,3,395,53425,Excellent,High,mahmoud.hassan1066@example.com,2.01077E+11
CUST001067,Mohamed Ali,2.14431E+13,64,engineer,single,secondary,no,260468,no,yes,cellular,27,429,64995,Excellent,High,mohamed.ali1067@example.com,2.01013E+11
CUST001068,Nour Adel,3.08028E+13,19,technician,single,tertiary,no,344593,no,no,cellular,26,307,49216,Excellent,High,nour.adel1068@example.com,2.01037E+11
CUST001069,Sara Zekry,2.18251E+13,72,engineer,married,secondary,no,104821,no,no,cellular,16,486,26641,Excellent,High,sara.zekry1069@example.com,2.01051E+11
CUST001070,Mohamed Ali,3.52344E+13,88,entrepreneur,married,primary,no,300139,yes,yes,unknown,22,623,33504,Fair,Medium,mohamed.ali1070@example.com,2.01032E+11
CUST001071,Omar Ali,3.29217E+13,19,admin.,single,secondary,no,344678,no,yes,cellular,28,706,22767,Fair,Low,omar.ali1071@example.com,2.01043E+11
CUST001072,Sara Fathy,3.49046E+13,28,entrepreneur,single,tertiary,no,77516,yes,yes,cellular,6,393,79405,Excellent,High,sara.fathy1072@example.com,2.01059E+11
CUST001073,Reem Ali,2.48677E+13,42,entrepreneur,single,secondary,no,646571,no,no,cellular,8,621,46354,Fair,Medium,reem.ali1073@example.com,2.01057E+11
CUST001074,Sara Hassan,3.32911E+13,24,blue-collar,single,secondary,yes,535292,no,no,cellular,13,744,48307,Poor,High,sara.hassan1074@example.com,2.01064E+11
CUST001075,Reem Samir,3.22233E+13,47,teacher,single,tertiary,no,1201448,yes,yes,cellular,9,546,70698,Good,High,reem.samir1075@example.com,2.01067E+11
CUST001076,Nour Hassan,2.95576E+13,62,technician,single,primary,yes,612092,yes,yes,unknown,28,679,32451,Poor,High,nour.hassan1076@example.com,2.01053E+11
CUST001077,Ahmed Zekry,3.19964E+13,55,teacher,married,secondary,no,889190,yes,no,unknown,16,380,44290,Good,High,ahmed.zekry1077@example.com,2.01056E+11
CUST001078,Youssef Adel,3.85808E+13,52,engineer,single,primary,no,776725,no,no,telephone,15,481,55629,Excellent,High,youssef.adel1078@example.com,2.01038E+11
CUST001079,Aya Samir,2.58403E+13,46,technician,married,secondary,no,1557342,yes,yes,unknown,24,634,77701,Fair,Medium,aya.samir1079@example.com,2.01032E+11
CUST001080,Aya Hassan,2.62176E+13,55,technician,divorced,primary,no,121640,no,no,telephone,26,708,58599,Excellent,Low,aya.hassan1080@example.com,2.01059E+11
CUST001081,Aya Ali,3.04553E+13,64,teacher,single,secondary,no,489919,no,no,cellular,17,442,44325,Good,High,aya.ali1081@example.com,2.01091E+11
CUST001082,Mona Adel,2.81397E+13,67,engineer,married,primary,no,609396,no,yes,cellular,10,319,40643,Excellent,High,mona.adel1082@example.com,2.01093E+11
CUST001083,Mona Mahmoud,3.87156E+13,68,teacher,divorced,secondary,no,120868,no,no,cellular,8,378,58232,Good,High,mona.mahmoud1083@example.com,2.01017E+11
CUST001084,Nour Fathy,3.44464E+13,26,technician,single,tertiary,no,315576,yes,yes,telephone,8,775,15990,Fair,Low,nour.fathy1084@example.com,2.0108E+11
CUST001085,Omar Zekry,3.78721E+13,75,teacher,divorced,tertiary,no,197868,yes,yes,cellular,19,785,18380,Good,Low,omar.zekry1085@example.com,2.01049E+11
CUST001086,Aya Hassan,3.96332E+13,89,entrepreneur,single,secondary,no,65363,no,yes,cellular,14,630,7497,Good,Medium,aya.hassan1086@example.com,2.01044E+11
CUST001087,Mona Hassan,3.8897E+13,27,engineer,divorced,secondary,no,592092,yes,yes,telephone,19,629,29388,Good,Medium,mona.hassan1087@example.com,2.01083E+11
CUST001088,Mahmoud Ali,2.16069E+13,68,blue-collar,divorced,secondary,no,550,yes,yes,cellular,22,660,23279,Fair,Medium,mahmoud.ali1088@example.com,2.01098E+11
CUST001089,Omar Ali,2.97904E+13,68,engineer,married,secondary,no,363657,no,no,unknown,29,344,44887,Excellent,High,omar.ali1089@example.com,2.01049E+11
CUST001090,Nour Samir,3.89309E+13,43,engineer,single,primary,no,102944,no,no,unknown,25,773,34227,Fair,Low,nour.samir1090@example.com,2.01044E+11
CUST001091,Ahmed Zekry,3.03761E+13,52,entrepreneur,married,primary,no,559067,no,yes,cellular,14,426,70132,Excellent,High,ahmed.zekry1091@example.com,2.01061E+11
CUST001092,Ahmed Adel,3.87045E+13,73,blue-collar,divorced,tertiary,no,218162,yes,yes,telephone,29,624,13486,Good,Medium,ahmed.adel1092@example.com,2.01061E+11
CUST001093,Mohamed Ibrahim,2.38936E+13,42,admin.,married,primary,no,271499,yes,no,telephone,2,644,66717,Excellent,Medium,mohamed.ibrahim1093@example.com,2.01082E+11
CUST001094,Omar Fathy,2.50989E+13,26,engineer,single,primary,no,70335,yes,no,unknown,8,617,7073,Excellent,Medium,omar.fathy1094@example.com,2.01039E+11
CUST001095,Nour Mahmoud,2.15535E+13,27,blue-collar,married,secondary,no,369592,yes,no,cellular,10,561,41206,Fair,Medium,nour.mahmoud1095@example.com,2.01019E+11
CUST001096,Mona Khaled,3.01896E+13,39,teacher,divorced,primary,no,840863,yes,yes,cellular,10,612,69662,Excellent,Medium,mona.khaled1096@example.com,2.01066E+11
CUST001097,Aya Ali,2.4314E+13,64,management,married,primary,no,484813,no,yes,unknown,30,367,69904,Excellent,High,aya.ali1097@example.com,2.01032E+11
CUST001098,Mona Adel,2.24515E+13,28,management,married,primary,no,371908,no,yes,unknown,24,588,73528,Good,Medium,mona.adel1098@example.com,2.01074E+11
CUST001099,Mona Samir,2.39651E+13,79,engineer,married,tertiary,no,215632,yes,no,cellular,30,368,10736,Excellent,High,mona.samir1099@example.com,2.01014E+11
CUST001100,Nour Hassan,3.74205E+13,52,technician,single,tertiary,no,357215,no,yes,unknown,21,405,59586,Excellent,High,nour.hassan1100@example.com,2.01042E+11
CUST001101,Mohamed Khaled,3.47552E+13,70,technician,married,secondary,no,684523,yes,yes,unknown,2,565,37911,Fair,Medium,mohamed.khaled1101@example.com,2.01022E+11
CUST001102,Mohamed Samir,3.32906E+13,49,technician,married,primary,no,410,yes,yes,unknown,16,496,74557,Good,High,mohamed.samir1102@example.com,2.01022E+11
CUST001103,Mona Ibrahim,3.60463E+13,72,admin.,divorced,primary,no,12463,no,yes,cellular,13,313,10832,Excellent,High,mona.ibrahim1103@example.com,2.01067E+11
CUST001104,Sara Ibrahim,2.87154E+13,71,entrepreneur,divorced,secondary,no,2388,yes,no,telephone,17,708,9072,Good,Low,sara.ibrahim1104@example.com,2.01042E+11
CUST001105,Aya Zekry,3.51952E+13,20,blue-collar,divorced,tertiary,no,271243,yes,no,telephone,25,454,13577,Good,High,aya.zekry1105@example.com,2.01052E+11
CUST001106,Nour Fathy,3.46058E+13,53,engineer,single,tertiary,no,187283,no,yes,cellular,15,689,16934,Excellent,Medium,nour.fathy1106@example.com,2.01099E+11
CUST001107,Mona Ibrahim,3.76324E+13,26,teacher,divorced,secondary,no,22351,no,no,telephone,30,508,20903,Fair,High,mona.ibrahim1107@example.com,2.01077E+11
CUST001108,Sara Zekry,3.74547E+13,31,entrepreneur,single,tertiary,no,442,yes,no,telephone,10,467,71946,Excellent,High,sara.zekry1108@example.com,2.01015E+11
CUST001109,Reem Ali,2.55669E+13,28,technician,divorced,secondary,no,152134,yes,no,cellular,22,360,7624,Good,High,reem.ali1109@example.com,2.01012E+11
CUST001110,Mona Mostafa,3.75168E+13,50,management,married,primary,no,70660,no,yes,cellular,11,420,71819,Good,High,mona.mostafa1110@example.com,2.01029E+11
CUST001111,Mona Hassan,3.09572E+13,61,teacher,divorced,primary,no,678407,yes,no,cellular,4,633,52519,Fair,Medium,mona.hassan1111@example.com,2.01042E+11
CUST001112,Mohamed Ibrahim,2.86509E+13,91,admin.,married,primary,no,392317,yes,no,unknown,25,435,56493,Excellent,High,mohamed.ibrahim1112@example.com,2.01045E+11
CUST001113,Mahmoud Fathy,3.41842E+13,47,blue-collar,divorced,tertiary,no,311597,yes,yes,cellular,6,464,18425,Excellent,High,mahmoud.fathy1113@example.com,2.01024E+11
CUST001114,Sara Hassan,3.614E+13,50,management,single,tertiary,no,56697,no,yes,unknown,5,446,27099,Excellent,High,sara.hassan1114@example.com,2.01012E+11
CUST001115,Youssef Samir,3.77063E+13,86,technician,divorced,tertiary,no,939122,no,no,telephone,17,445,58783,Fair,High,youssef.samir1115@example.com,2.01031E+11
CUST001116,Nour Mostafa,2.92549E+13,34,technician,divorced,tertiary,no,83807,yes,yes,telephone,13,495,40984,Excellent,High,nour.mostafa1116@example.com,2.01055E+11
CUST001117,Ahmed Mahmoud,3.67977E+13,88,engineer,divorced,primary,no,1011478,no,yes,unknown,28,323,50334,Good,High,ahmed.mahmoud1117@example.com,2.01076E+11
CUST001118,Mahmoud Mahmoud,3.02183E+13,79,teacher,divorced,tertiary,no,380026,no,yes,unknown,15,671,47990,Good,Medium,mahmoud.mahmoud1118@example.com,2.01091E+11
CUST001119,Aya Samir,2.5772E+13,42,management,married,secondary,no,417950,yes,yes,telephone,28,505,51645,Excellent,High,aya.samir1119@example.com,2.01089E+11
CUST001120,Mona Samir,3.90333E+13,73,technician,divorced,tertiary,no,324365,yes,no,telephone,9,364,24941,Good,High,mona.samir1120@example.com,2.0107E+11
CUST001121,Mohamed Adel,2.08383E+13,66,technician,divorced,tertiary,no,699055,no,yes,telephone,25,677,46919,Good,Medium,mohamed.adel1121@example.com,2.01039E+11
CUST001122,Omar Ibrahim,2.16243E+13,50,admin.,single,secondary,no,137209,yes,no,telephone,5,383,45026,Good,High,omar.ibrahim1122@example.com,2.01043E+11
CUST001123,Ahmed Mahmoud,2.88829E+13,46,blue-collar,married,primary,no,712256,no,yes,unknown,10,378,64404,Good,High,ahmed.mahmoud1123@example.com,2.01073E+11
CUST001124,Omar Fathy,3.1499E+13,82,management,single,primary,no,97829,no,yes,cellular,13,675,50482,Fair,Medium,omar.fathy1124@example.com,2.01037E+11
CUST001125,Mona Adel,3.13138E+13,35,entrepreneur,married,secondary,no,1471019,no,no,telephone,23,703,77487,Excellent,Low,mona.adel1125@example.com,2.0108E+11
CUST001126,Omar Samir,2.6216E+13,77,entrepreneur,divorced,secondary,no,543859,yes,no,cellular,24,569,77242,Fair,Medium,omar.samir1126@example.com,2.01033E+11
CUST001127,Mona Mahmoud,2.99814E+13,66,management,single,primary,no,398312,yes,no,telephone,21,707,57110,Fair,Low,mona.mahmoud1127@example.com,2.01019E+11
CUST001128,Ahmed Adel,3.26E+13,26,blue-collar,single,secondary,no,405811,yes,yes,unknown,23,467,25405,Good,High,ahmed.adel1128@example.com,2.01011E+11
CUST001129,Ahmed Hassan,3.62657E+13,77,engineer,married,secondary,no,35200,no,no,unknown,28,309,3195,Excellent,High,ahmed.hassan1129@example.com,2.01013E+11
CUST001130,Ahmed Samir,2.98703E+13,42,engineer,married,secondary,no,573074,yes,no,telephone,10,421,47749,Fair,High,ahmed.samir1130@example.com,2.0109E+11
CUST001131,Nour Fathy,2.56676E+13,81,teacher,divorced,tertiary,no,1330301,no,yes,unknown,1,605,78384,Fair,Medium,nour.fathy1131@example.com,2.01096E+11
CUST001132,Sara Samir,3.44935E+13,79,blue-collar,divorced,tertiary,no,109490,yes,yes,unknown,5,783,6578,Excellent,Low,sara.samir1132@example.com,2.01052E+11
CUST001133,Nour Samir,3.75989E+13,86,admin.,single,secondary,no,405593,no,yes,cellular,2,755,50983,Good,Low,nour.samir1133@example.com,2.01043E+11
CUST001134,Youssef Ibrahim,2.10952E+13,68,technician,married,tertiary,no,334344,yes,no,telephone,30,581,24082,Good,Medium,youssef.ibrahim1134@example.com,2.01098E+11
CUST001135,Mohamed Khaled,2.65297E+13,90,admin.,divorced,tertiary,no,2648,yes,yes,telephone,9,465,24877,Good,High,mohamed.khaled1135@example.com,2.01079E+11
CUST001136,Mohamed Adel,2.21503E+13,48,management,married,primary,no,373117,no,yes,cellular,20,392,28904,Fair,High,mohamed.adel1136@example.com,2.01032E+11
CUST001137,Reem Mostafa,3.6934E+13,88,teacher,divorced,tertiary,no,6782,no,yes,unknown,19,392,3530,Excellent,High,reem.mostafa1137@example.com,2.01048E+11
CUST001138,Ahmed Mostafa,3.69036E+13,32,teacher,divorced,secondary,no,131386,yes,no,cellular,2,706,9238,Excellent,Low,ahmed.mostafa1138@example.com,2.01052E+11
CUST001139,Mahmoud Fathy,3.39952E+13,74,entrepreneur,divorced,primary,no,730855,yes,no,telephone,18,730,38231,Fair,Low,mahmoud.fathy1139@example.com,2.01077E+11
CUST001140,Mohamed Khaled,2.20918E+13,63,teacher,single,tertiary,no,405498,no,yes,cellular,22,382,25504,Fair,High,mohamed.khaled1140@example.com,2.01021E+11
CUST001141,Mona Ibrahim,3.42409E+13,47,entrepreneur,married,tertiary,no,267001,yes,yes,unknown,17,662,29834,Fair,Medium,mona.ibrahim1141@example.com,2.0109E+11
CUST001142,Mahmoud Mahmoud,2.24119E+13,42,teacher,married,primary,no,650494,no,yes,cellular,20,312,46576,Excellent,High,mahmoud.mahmoud1142@example.com,2.01091E+11
CUST001143,Ahmed Mostafa,2.72469E+13,59,blue-collar,married,secondary,no,680079,no,yes,cellular,18,594,37731,Good,Medium,ahmed.mostafa1143@example.com,2.01089E+11
CUST001144,Omar Hassan,2.46219E+13,51,admin.,married,primary,no,951199,no,yes,cellular,24,813,59286,Excellent,Low,omar.hassan1144@example.com,2.01077E+11
CUST001145,Omar Zekry,3.54244E+13,59,entrepreneur,married,secondary,no,316946,no,no,telephone,18,587,16828,Fair,Medium,omar.zekry1145@example.com,2.01055E+11
CUST001146,Ahmed Hassan,2.58831E+13,31,technician,single,primary,no,28245,yes,no,unknown,7,638,3912,Good,Medium,ahmed.hassan1146@example.com,2.01079E+11
CUST001147,Sara Samir,2.9249E+13,27,admin.,married,secondary,no,307798,no,yes,unknown,30,827,15356,Good,Low,sara.samir1147@example.com,2.01014E+11
CUST001148,Sara Khaled,3.76136E+13,85,entrepreneur,divorced,tertiary,no,739028,yes,no,unknown,21,312,74076,Excellent,High,sara.khaled1148@example.com,2.01054E+11
CUST001149,Mahmoud Mostafa,3.18784E+13,24,entrepreneur,divorced,tertiary,no,94489,no,yes,cellular,13,453,15433,Excellent,High,mahmoud.mostafa1149@example.com,2.01045E+11
CUST001150,Nour Mahmoud,3.18709E+13,79,engineer,single,tertiary,no,242856,no,no,cellular,21,397,26730,Fair,High,nour.mahmoud1150@example.com,2.01033E+11
CUST001151,Omar Samir,2.95352E+13,79,technician,single,secondary,no,66871,yes,no,cellular,30,818,9768,Good,Low,omar.samir1151@example.com,2.01066E+11
CUST001152,Mohamed Khaled,3.18883E+13,36,management,divorced,secondary,no,924839,yes,no,unknown,19,322,57508,Fair,High,mohamed.khaled1152@example.com,2.01052E+11
CUST001153,Nour Ali,2.10687E+13,81,admin.,single,secondary,no,470666,yes,yes,telephone,3,596,24845,Fair,Medium,nour.ali1153@example.com,2.01031E+11
CUST001154,Mona Hassan,3.9824E+13,44,teacher,divorced,secondary,no,602232,yes,no,telephone,1,334,35412,Good,High,mona.hassan1154@example.com,2.01046E+11
CUST001155,Mahmoud Ali,3.53267E+13,84,admin.,married,secondary,no,68428,no,yes,cellular,26,431,9130,Excellent,High,mahmoud.ali1155@example.com,2.01095E+11
CUST001156,Ahmed Mostafa,3.62187E+13,51,blue-collar,divorced,primary,no,411145,yes,no,unknown,9,798,68258,Good,Low,ahmed.mostafa1156@example.com,2.01018E+11
CUST001157,Sara Ibrahim,3.88586E+13,33,admin.,married,tertiary,no,805141,no,yes,cellular,31,689,61827,Excellent,Medium,sara.ibrahim1157@example.com,2.01059E+11
CUST001158,Ahmed Zekry,2.81875E+13,39,blue-collar,married,secondary,no,319177,yes,yes,telephone,29,802,64214,Good,Low,ahmed.zekry1158@example.com,2.01039E+11
CUST001159,Sara Hassan,2.10785E+13,38,blue-collar,single,primary,no,789450,no,no,telephone,8,449,56126,Excellent,High,sara.hassan1159@example.com,2.01054E+11
CUST001160,Ahmed Fathy,3.71499E+13,21,admin.,married,secondary,no,213510,no,no,cellular,11,402,26681,Good,High,ahmed.fathy1160@example.com,2.01018E+11
CUST001161,Reem Adel,2.26242E+13,84,admin.,married,primary,no,1039981,no,yes,cellular,2,387,57766,Fair,High,reem.adel1161@example.com,2.01014E+11
CUST001162,Mohamed Ibrahim,2.44883E+13,42,teacher,single,tertiary,no,174617,yes,yes,unknown,10,843,17382,Excellent,Low,mohamed.ibrahim1162@example.com,2.01037E+11
CUST001163,Omar Zekry,2.19746E+13,22,admin.,married,tertiary,no,1062863,yes,no,unknown,8,515,62499,Fair,High,omar.zekry1163@example.com,2.01074E+11
CUST001164,Youssef Ibrahim,3.1444E+13,75,technician,single,primary,no,344909,no,no,unknown,13,474,17172,Good,High,youssef.ibrahim1164@example.com,2.01017E+11
CUST001165,Ahmed Zekry,2.70877E+13,27,admin.,single,tertiary,no,-690,yes,yes,unknown,15,778,51299,Good,Low,ahmed.zekry1165@example.com,2.01035E+11
CUST001166,Aya Samir,2.23882E+13,76,teacher,married,secondary,no,512126,no,no,cellular,23,376,30118,Fair,High,aya.samir1166@example.com,2.01086E+11
CUST001167,Omar Fathy,2.197E+13,38,teacher,divorced,tertiary,no,25668,yes,no,telephone,26,420,12142,Fair,High,omar.fathy1167@example.com,2.0103E+11
CUST001168,Aya Mostafa,2.33967E+13,55,admin.,single,tertiary,no,165012,no,yes,cellular,6,764,8473,Good,Low,aya.mostafa1168@example.com,2.01038E+11
CUST001169,Sara Mostafa,2.36753E+13,18,admin.,single,secondary,no,632070,yes,yes,telephone,24,810,37065,Excellent,Low,sara.mostafa1169@example.com,2.01024E+11
CUST001170,Nour Adel,3.979E+13,83,blue-collar,married,primary,no,2837,yes,yes,telephone,1,415,77192,Excellent,High,nour.adel1170@example.com,2.01032E+11
CUST001171,Mahmoud Zekry,2.94398E+13,23,management,divorced,tertiary,no,294421,no,yes,cellular,23,406,24862,Good,High,mahmoud.zekry1171@example.com,2.0105E+11
CUST001172,Nour Zekry,2.81789E+13,75,entrepreneur,single,primary,no,284591,no,yes,unknown,27,703,55940,Fair,Low,nour.zekry1172@example.com,2.01089E+11
CUST001173,Aya Ali,3.4979E+13,36,engineer,married,primary,no,246487,yes,yes,telephone,8,345,34930,Excellent,High,aya.ali1173@example.com,2.01089E+11
CUST001174,Sara Khaled,3.72714E+13,78,teacher,single,primary,no,774806,no,yes,cellular,22,302,77575,Fair,High,sara.khaled1174@example.com,2.01098E+11
CUST001175,Aya Fathy,3.86363E+13,38,admin.,married,primary,no,3339,yes,yes,unknown,8,612,33922,Excellent,Medium,aya.fathy1175@example.com,2.01056E+11
CUST001176,Sara Hassan,2.86585E+13,91,management,single,secondary,yes,285325,no,yes,telephone,13,413,48167,Poor,High,sara.hassan1176@example.com,2.0104E+11
CUST001177,Ahmed Adel,3.07966E+13,55,admin.,married,tertiary,no,246355,yes,no,telephone,24,614,48820,Good,Medium,ahmed.adel1177@example.com,2.01078E+11
CUST001178,Youssef Fathy,2.86529E+13,36,teacher,divorced,secondary,no,1311021,yes,no,cellular,24,476,68769,Fair,High,youssef.fathy1178@example.com,2.0103E+11
CUST001179,Mohamed Khaled,2.59308E+13,51,admin.,married,secondary,no,-2453,no,no,cellular,13,464,8847,Good,High,mohamed.khaled1179@example.com,2.01046E+11
CUST001180,Omar Hassan,2.69539E+13,37,management,married,tertiary,no,30832,yes,no,cellular,10,842,3662,Fair,Low,omar.hassan1180@example.com,2.01097E+11
CUST001181,Ahmed Ibrahim,2.53465E+13,19,blue-collar,single,tertiary,no,159867,yes,no,telephone,2,815,40656,Good,Low,ahmed.ibrahim1181@example.com,2.01098E+11
CUST001182,Sara Adel,2.57734E+13,34,blue-collar,single,primary,no,336904,yes,yes,telephone,28,530,68358,Fair,High,sara.adel1182@example.com,2.01087E+11
CUST001183,Ahmed Zekry,2.48544E+13,25,technician,single,secondary,no,33275,yes,yes,telephone,21,786,3110,Excellent,Low,ahmed.zekry1183@example.com,2.01069E+11
CUST001184,Mohamed Mahmoud,2.76135E+13,34,management,single,tertiary,no,501679,yes,no,cellular,31,512,33151,Excellent,High,mohamed.mahmoud1184@example.com,2.0101E+11
CUST001185,Aya Hassan,2.84012E+13,26,engineer,divorced,secondary,no,730434,yes,yes,unknown,15,596,66110,Excellent,Medium,aya.hassan1185@example.com,2.01042E+11
CUST001186,Ahmed Hassan,3.69864E+13,66,entrepreneur,divorced,secondary,no,648788,yes,yes,unknown,2,805,64722,Excellent,Low,ahmed.hassan1186@example.com,2.01064E+11
CUST001187,Omar Mostafa,3.35622E+13,34,management,divorced,secondary,no,960322,no,yes,telephone,16,838,79959,Fair,Low,omar.mostafa1187@example.com,2.01087E+11
CUST001188,Reem Fathy,2.79074E+13,94,engineer,divorced,secondary,no,73471,yes,no,cellular,25,595,11478,Fair,Medium,reem.fathy1188@example.com,2.01092E+11
CUST001189,Aya Samir,3.66686E+13,34,entrepreneur,married,tertiary,no,56669,no,yes,cellular,18,693,13088,Fair,Medium,aya.samir1189@example.com,2.01036E+11
CUST001190,Ahmed Samir,3.04195E+13,77,blue-collar,married,primary,no,441370,yes,no,telephone,1,525,40346,Good,High,ahmed.samir1190@example.com,2.01064E+11
CUST001191,Sara Mahmoud,2.69666E+13,27,entrepreneur,single,tertiary,no,101607,yes,yes,cellular,20,779,5543,Fair,Low,sara.mahmoud1191@example.com,2.01079E+11
CUST001192,Mahmoud Hassan,3.77044E+13,61,technician,single,secondary,no,415842,no,no,unknown,2,848,26186,Fair,Low,mahmoud.hassan1192@example.com,2.01056E+11
CUST001193,Omar Khaled,3.02286E+13,45,engineer,divorced,secondary,no,181655,no,no,telephone,10,542,45534,Fair,High,omar.khaled1193@example.com,2.01043E+11
CUST001194,Youssef Khaled,3.26992E+13,76,technician,divorced,tertiary,no,326987,no,yes,unknown,15,727,23328,Fair,Low,youssef.khaled1194@example.com,2.0105E+11
CUST001195,Mahmoud Zekry,2.39008E+13,65,blue-collar,single,tertiary,no,407721,no,yes,cellular,12,437,45597,Excellent,High,mahmoud.zekry1195@example.com,2.01036E+11
CUST001196,Aya Fathy,2.11148E+13,36,blue-collar,married,primary,no,591850,no,no,telephone,4,346,31400,Fair,High,aya.fathy1196@example.com,2.01035E+11
CUST001197,Youssef Hassan,2.01733E+13,94,admin.,divorced,secondary,no,980264,yes,no,unknown,8,415,61354,Good,High,youssef.hassan1197@example.com,2.01089E+11
CUST001198,Ahmed Samir,2.4604E+13,86,teacher,divorced,tertiary,no,286911,no,no,unknown,9,722,57236,Fair,Low,ahmed.samir1198@example.com,2.01025E+11
CUST001199,Aya Mahmoud,3.2355E+13,72,technician,single,tertiary,yes,367722,yes,no,unknown,14,634,23007,Poor,High,aya.mahmoud1199@example.com,2.01078E+11
CUST001200,Sara Ali,2.68164E+13,81,blue-collar,married,primary,no,431740,yes,no,telephone,26,513,23805,Good,High,sara.ali1200@example.com,2.01097E+11
CUST001201,Mohamed Mostafa,2.91303E+13,47,engineer,single,secondary,no,4410,no,no,telephone,16,489,67610,Excellent,High,mohamed.mostafa1201@example.com,2.01037E+11
CUST001202,Mona Zekry,3.95672E+13,63,management,married,secondary,no,189358,no,no,unknown,22,635,64456,Good,Medium,mona.zekry1202@example.com,2.0104E+11
CUST001203,Mohamed Fathy,3.24165E+13,51,admin.,divorced,primary,no,376795,no,no,cellular,11,814,33956,Excellent,Low,mohamed.fathy1203@example.com,2.01059E+11
CUST001204,Mona Mostafa,2.03588E+13,48,entrepreneur,single,secondary,no,755078,yes,no,cellular,11,703,50433,Good,Low,mona.mostafa1204@example.com,2.01066E+11
CUST001205,Ahmed Fathy,3.82366E+13,81,admin.,single,secondary,no,1131312,no,no,unknown,18,449,75692,Good,High,ahmed.fathy1205@example.com,2.01051E+11
CUST001206,Ahmed Zekry,2.88349E+13,21,teacher,married,primary,yes,-1771,yes,no,unknown,10,462,64483,Poor,High,ahmed.zekry1206@example.com,2.01055E+11
CUST001207,Ahmed Mahmoud,3.38329E+13,73,engineer,married,primary,no,44794,no,yes,cellular,29,373,4570,Fair,High,ahmed.mahmoud1207@example.com,2.01072E+11
CUST001208,Youssef Mahmoud,3.37439E+13,35,blue-collar,divorced,primary,no,285656,yes,no,cellular,11,368,56429,Excellent,High,youssef.mahmoud1208@example.com,2.01074E+11
CUST001209,Mohamed Adel,2.43188E+13,45,teacher,divorced,primary,no,329374,no,no,cellular,9,604,55082,Fair,Medium,mohamed.adel1209@example.com,2.01061E+11
CUST001210,Youssef Ali,2.74923E+13,39,entrepreneur,married,secondary,no,129182,yes,yes,cellular,22,785,15940,Excellent,Low,youssef.ali1210@example.com,2.01077E+11
CUST001211,Mohamed Hassan,2.55241E+13,66,teacher,single,primary,no,829025,no,no,cellular,31,637,43705,Fair,Medium,mohamed.hassan1211@example.com,2.01045E+11
CUST001212,Sara Ibrahim,3.98314E+13,77,management,single,secondary,no,167659,yes,yes,telephone,7,671,19000,Fair,Medium,sara.ibrahim1212@example.com,2.01026E+11
CUST001213,Nour Ibrahim,2.33011E+13,90,entrepreneur,married,tertiary,no,62600,yes,no,telephone,4,447,63663,Good,High,nour.ibrahim1213@example.com,2.01043E+11
CUST001214,Omar Ibrahim,3.71139E+13,46,admin.,single,primary,no,30310,yes,yes,telephone,14,366,6389,Fair,High,omar.ibrahim1214@example.com,2.01032E+11
CUST001215,Aya Zekry,3.09547E+13,74,admin.,single,tertiary,no,70287,no,yes,unknown,6,521,6722,Excellent,High,aya.zekry1215@example.com,2.01051E+11
CUST001216,Mona Ali,2.12898E+13,88,blue-collar,married,secondary,no,227548,yes,no,cellular,16,427,32868,Excellent,High,mona.ali1216@example.com,2.01083E+11
CUST001217,Mahmoud Ibrahim,2.62028E+13,48,technician,single,tertiary,no,311171,no,yes,cellular,18,696,51789,Excellent,Medium,mahmoud.ibrahim1217@example.com,2.01092E+11
CUST001218,Aya Ali,3.86112E+13,35,admin.,divorced,primary,no,34479,yes,yes,unknown,15,390,12960,Good,High,aya.ali1218@example.com,2.01014E+11
CUST001219,Sara Adel,3.35437E+13,79,blue-collar,married,secondary,no,552794,yes,no,cellular,4,719,30717,Good,Low,sara.adel1219@example.com,2.01095E+11
CUST001220,Mahmoud Samir,2.99608E+13,78,technician,single,secondary,no,825617,yes,yes,cellular,10,649,58838,Excellent,Medium,mahmoud.samir1220@example.com,2.01079E+11
CUST001221,Reem Fathy,3.28361E+13,64,admin.,married,secondary,no,1054603,no,yes,unknown,6,563,52876,Good,Medium,reem.fathy1221@example.com,2.01082E+11
CUST001222,Omar Hassan,3.05439E+13,76,entrepreneur,single,secondary,no,314810,no,no,telephone,27,718,78465,Good,Low,omar.hassan1222@example.com,2.0105E+11
CUST001223,Reem Zekry,2.99014E+13,94,teacher,divorced,secondary,no,701440,no,no,telephone,10,500,46518,Fair,High,reem.zekry1223@example.com,2.01076E+11
CUST001224,Mona Ibrahim,2.04009E+13,73,entrepreneur,divorced,primary,no,138681,yes,yes,telephone,6,482,67406,Fair,High,mona.ibrahim1224@example.com,2.01048E+11
CUST001225,Youssef Adel,2.76889E+13,83,blue-collar,married,secondary,no,210384,no,no,unknown,13,835,13440,Excellent,Low,youssef.adel1225@example.com,2.01097E+11
CUST001226,Nour Adel,3.85588E+13,47,management,married,primary,no,227118,yes,yes,unknown,19,660,46266,Fair,Medium,nour.adel1226@example.com,2.01093E+11
CUST001227,Ahmed Hassan,2.05757E+13,54,engineer,single,primary,no,107202,no,no,unknown,4,666,6988,Excellent,Medium,ahmed.hassan1227@example.com,2.0104E+11
CUST001228,Youssef Fathy,2.12648E+13,86,blue-collar,married,tertiary,no,724357,yes,yes,unknown,12,761,55957,Fair,Low,youssef.fathy1228@example.com,2.01069E+11
CUST001229,Mahmoud Ali,2.48827E+13,25,technician,single,primary,no,74807,no,yes,unknown,21,366,24321,Fair,High,mahmoud.ali1229@example.com,2.01073E+11
CUST001230,Mahmoud Mostafa,2.35753E+13,86,engineer,married,primary,no,548,yes,yes,telephone,8,723,63073,Good,Low,mahmoud.mostafa1230@example.com,2.01081E+11
CUST001231,Ahmed Hassan,3.93665E+13,33,admin.,single,tertiary,no,115149,no,no,cellular,18,341,28335,Good,High,ahmed.hassan1231@example.com,2.01027E+11
CUST001232,Sara Khaled,2.30463E+13,44,blue-collar,single,secondary,no,456328,no,no,telephone,4,437,25474,Excellent,High,sara.khaled1232@example.com,2.01074E+11
CUST001233,Sara Mostafa,2.50687E+13,70,entrepreneur,married,primary,no,593241,no,no,cellular,17,538,66030,Good,High,sara.mostafa1233@example.com,2.01036E+11
CUST001234,Ahmed Mostafa,2.7314E+13,19,blue-collar,single,secondary,no,164359,no,no,unknown,13,733,16133,Fair,Low,ahmed.mostafa1234@example.com,2.01069E+11
CUST001235,Omar Adel,3.67907E+13,63,technician,single,tertiary,no,944,yes,yes,unknown,21,483,59052,Good,High,omar.adel1235@example.com,2.01075E+11
CUST001236,Mahmoud Samir,3.82739E+13,81,blue-collar,divorced,tertiary,no,197922,no,yes,telephone,15,313,12982,Fair,High,mahmoud.samir1236@example.com,2.01031E+11
CUST001237,Sara Fathy,3.6654E+13,85,management,divorced,tertiary,no,169869,yes,no,cellular,26,582,28213,Good,Medium,sara.fathy1237@example.com,2.01053E+11
CUST001238,Reem Ali,3.88249E+13,58,blue-collar,divorced,tertiary,no,1200621,yes,no,telephone,5,407,63073,Fair,High,reem.ali1238@example.com,2.01015E+11
CUST001239,Ahmed Fathy,2.73916E+13,49,teacher,divorced,secondary,no,269837,no,yes,cellular,17,738,54339,Excellent,Low,ahmed.fathy1239@example.com,2.01015E+11
CUST001240,Reem Mahmoud,3.92483E+13,45,technician,single,tertiary,no,54433,no,yes,unknown,8,388,11265,Good,High,reem.mahmoud1240@example.com,2.01023E+11
CUST001241,Mahmoud Samir,3.02535E+13,54,teacher,single,secondary,no,737101,yes,yes,telephone,31,519,52293,Good,High,mahmoud.samir1241@example.com,2.01032E+11
CUST001242,Aya Zekry,2.69156E+13,71,admin.,single,tertiary,no,316872,no,yes,cellular,23,404,63854,Good,High,aya.zekry1242@example.com,2.01079E+11
CUST001243,Omar Mahmoud,2.05197E+13,35,technician,single,secondary,no,207407,yes,no,unknown,17,517,70385,Good,High,omar.mahmoud1243@example.com,2.01096E+11
CUST001244,Reem Hassan,2.87985E+13,72,admin.,married,primary,no,244655,no,yes,telephone,18,756,27517,Fair,Low,reem.hassan1244@example.com,2.01036E+11
CUST001245,Omar Fathy,3.78417E+13,85,technician,married,primary,no,1140077,no,yes,unknown,8,702,59926,Fair,Low,omar.fathy1245@example.com,2.01084E+11
CUST001246,Mona Samir,2.42641E+13,67,blue-collar,divorced,primary,no,846367,no,yes,cellular,1,465,46743,Fair,High,mona.samir1246@example.com,2.01073E+11
CUST001247,Mohamed Adel,2.94818E+13,43,blue-collar,married,primary,no,215160,yes,yes,unknown,7,530,71757,Excellent,High,mohamed.adel1247@example.com,2.01057E+11
CUST001248,Youssef Hassan,2.38719E+13,85,technician,single,secondary,no,775171,yes,no,unknown,12,681,64853,Good,Medium,youssef.hassan1248@example.com,2.0107E+11
CUST001249,Mona Ali,3.12779E+13,93,entrepreneur,divorced,secondary,no,850761,yes,no,telephone,27,579,49938,Good,Medium,mona.ali1249@example.com,2.01038E+11
CUST001250,Mohamed Ibrahim,3.20586E+13,48,engineer,single,tertiary,no,79126,no,yes,cellular,6,343,5109,Fair,High,mohamed.ibrahim1250@example.com,2.01069E+11
CUST001251,Nour Fathy,2.37345E+13,39,teacher,married,secondary,no,26993,no,yes,unknown,10,839,7536,Excellent,Low,nour.fathy1251@example.com,2.01089E+11
CUST001252,Mohamed Zekry,2.87173E+13,70,technician,married,secondary,no,152373,yes,no,cellular,25,517,10455,Good,High,mohamed.zekry1252@example.com,2.01047E+11
CUST001253,Mona Khaled,3.49885E+13,46,blue-collar,single,secondary,no,393613,yes,no,telephone,26,844,20510,Good,Low,mona.khaled1253@example.com,2.01079E+11
CUST001254,Aya Adel,3.50304E+13,25,admin.,single,primary,no,332937,no,no,cellular,18,374,41488,Good,High,aya.adel1254@example.com,2.0109E+11
CUST001255,Aya Khaled,3.45921E+13,60,teacher,single,primary,no,221962,no,no,unknown,18,364,56195,Good,High,aya.khaled1255@example.com,2.01032E+11
CUST001256,Ahmed Mostafa,2.90849E+13,66,management,divorced,tertiary,no,-1232,yes,no,unknown,24,560,17972,Good,Medium,ahmed.mostafa1256@example.com,2.01032E+11
CUST001257,Reem Fathy,3.58197E+13,41,teacher,married,primary,no,1049697,yes,yes,telephone,29,471,65703,Excellent,High,reem.fathy1257@example.com,2.01093E+11
CUST001258,Youssef Mostafa,3.8468E+13,23,engineer,single,tertiary,no,456419,no,yes,cellular,1,593,64728,Excellent,Medium,youssef.mostafa1258@example.com,2.0109E+11
CUST001259,Nour Zekry,3.69553E+13,65,engineer,married,tertiary,no,33348,yes,yes,unknown,3,647,36854,Good,Medium,nour.zekry1259@example.com,2.0106E+11
CUST001260,Ahmed Mahmoud,3.25347E+13,30,blue-collar,married,tertiary,no,707052,no,no,cellular,30,539,46931,Excellent,High,ahmed.mahmoud1260@example.com,2.01091E+11
CUST001261,Ahmed Mostafa,2.96446E+13,56,engineer,divorced,secondary,no,-3744,yes,no,telephone,16,600,50786,Excellent,Medium,ahmed.mostafa1261@example.com,2.01079E+11
CUST001262,Mahmoud Mostafa,2.88139E+13,88,blue-collar,divorced,tertiary,no,121648,yes,no,telephone,29,446,13982,Fair,High,mahmoud.mostafa1262@example.com,2.01091E+11
CUST001263,Ahmed Mostafa,3.62518E+13,63,blue-collar,divorced,tertiary,no,148052,no,no,unknown,19,625,12132,Excellent,Medium,ahmed.mostafa1263@example.com,2.01045E+11
CUST001264,Youssef Adel,2.05103E+13,71,entrepreneur,married,secondary,no,677376,yes,yes,telephone,29,304,56593,Fair,High,youssef.adel1264@example.com,2.01063E+11
CUST001265,Mohamed Ali,2.60728E+13,59,entrepreneur,single,secondary,no,580533,yes,no,unknown,18,379,41122,Fair,High,mohamed.ali1265@example.com,2.01039E+11
CUST001266,Nour Ibrahim,3.62163E+13,18,teacher,single,tertiary,no,952216,no,yes,unknown,30,542,55840,Excellent,High,nour.ibrahim1266@example.com,2.0106E+11
CUST001267,Sara Mahmoud,3.58517E+13,90,teacher,single,tertiary,no,201807,no,yes,telephone,26,474,14490,Fair,High,sara.mahmoud1267@example.com,2.01099E+11
CUST001268,Youssef Hassan,2.35964E+13,18,engineer,married,secondary,no,-1859,no,yes,unknown,27,795,43451,Fair,Low,youssef.hassan1268@example.com,2.01022E+11
CUST001269,Mahmoud Adel,2.33054E+13,39,admin.,divorced,secondary,no,80903,yes,yes,cellular,2,383,40760,Fair,High,mahmoud.adel1269@example.com,2.01029E+11
CUST001270,Mahmoud Samir,3.65306E+13,76,teacher,single,secondary,no,565553,no,no,telephone,18,436,56742,Excellent,High,mahmoud.samir1270@example.com,2.01071E+11
CUST001271,Aya Samir,2.91877E+13,92,teacher,divorced,primary,no,140053,yes,no,unknown,12,723,35626,Good,Low,aya.samir1271@example.com,2.01057E+11
CUST001272,Omar Fathy,2.46515E+13,45,technician,married,tertiary,no,133971,yes,no,telephone,1,627,6783,Good,Medium,omar.fathy1272@example.com,2.01051E+11
CUST001273,Omar Ali,2.77603E+13,74,technician,divorced,primary,no,72672,yes,yes,unknown,13,341,37015,Fair,High,omar.ali1273@example.com,2.01046E+11
CUST001274,Nour Ibrahim,3.38352E+13,20,blue-collar,divorced,tertiary,no,45157,no,yes,telephone,7,615,46187,Good,Medium,nour.ibrahim1274@example.com,2.01015E+11
CUST001275,Ahmed Ali,2.27928E+13,30,engineer,divorced,tertiary,no,741030,yes,no,telephone,9,471,66923,Good,High,ahmed.ali1275@example.com,2.011E+11
CUST001276,Aya Ibrahim,2.60408E+13,72,entrepreneur,single,primary,no,33002,yes,no,unknown,22,339,3146,Fair,High,aya.ibrahim1276@example.com,2.01094E+11
CUST001277,Mohamed Zekry,3.98275E+13,88,admin.,divorced,secondary,no,363027,yes,no,cellular,21,367,40059,Fair,High,mohamed.zekry1277@example.com,2.01071E+11
CUST001278,Mohamed Mahmoud,2.15286E+13,83,teacher,divorced,primary,no,231492,yes,yes,unknown,8,748,77156,Good,Low,mohamed.mahmoud1278@example.com,2.01041E+11
CUST001279,Youssef Mostafa,2.17029E+13,83,teacher,single,primary,no,825826,yes,no,unknown,11,506,41083,Fair,High,youssef.mostafa1279@example.com,2.0109E+11
CUST001280,Mona Adel,3.1533E+13,65,technician,divorced,primary,no,737849,no,yes,telephone,14,437,48989,Fair,High,mona.adel1280@example.com,2.01065E+11
CUST001281,Mona Mahmoud,3.53529E+13,72,admin.,married,secondary,no,102941,yes,yes,unknown,1,449,9372,Excellent,High,mona.mahmoud1281@example.com,2.0102E+11
CUST001282,Mahmoud Khaled,2.37917E+13,55,blue-collar,divorced,primary,no,41462,no,no,unknown,15,765,19782,Excellent,Low,mahmoud.khaled1282@example.com,2.01059E+11
CUST001283,Mohamed Fathy,3.08471E+13,40,engineer,divorced,secondary,no,60760,yes,yes,telephone,10,617,3456,Excellent,Medium,mohamed.fathy1283@example.com,2.01014E+11
CUST001284,Omar Ibrahim,2.3788E+13,29,entrepreneur,divorced,secondary,no,275896,yes,no,cellular,30,434,68106,Excellent,High,omar.ibrahim1284@example.com,2.01037E+11
CUST001285,Omar Khaled,2.71094E+13,25,engineer,single,secondary,no,753473,no,no,unknown,16,845,75244,Fair,Low,omar.khaled1285@example.com,2.01028E+11
CUST001286,Mona Mahmoud,3.01582E+13,25,admin.,married,secondary,no,400917,yes,yes,telephone,9,556,66951,Good,Medium,mona.mahmoud1286@example.com,2.01036E+11
CUST001287,Mohamed Hassan,2.30961E+13,64,entrepreneur,married,primary,no,197896,no,no,cellular,2,534,39453,Excellent,High,mohamed.hassan1287@example.com,2.01018E+11
CUST001288,Mahmoud Samir,2.42807E+13,41,engineer,married,tertiary,yes,402888,yes,yes,unknown,2,489,31364,Poor,High,mahmoud.samir1288@example.com,2.0102E+11
CUST001289,Mona Hassan,2.94426E+13,47,teacher,married,primary,no,828798,no,no,cellular,14,353,48619,Good,High,mona.hassan1289@example.com,2.0107E+11
CUST001290,Mahmoud Zekry,2.06662E+13,91,management,single,secondary,no,201318,yes,yes,unknown,29,303,41137,Good,High,mahmoud.zekry1290@example.com,2.01069E+11
CUST001291,Reem Khaled,2.55028E+13,76,management,married,secondary,no,217978,yes,yes,unknown,31,763,26870,Good,Low,reem.khaled1291@example.com,2.01019E+11
CUST001292,Mona Ibrahim,2.09582E+13,60,entrepreneur,married,tertiary,no,234689,no,no,cellular,14,683,77719,Fair,Medium,mona.ibrahim1292@example.com,2.01017E+11
CUST001293,Reem Fathy,2.80019E+13,21,technician,single,tertiary,no,166540,yes,no,telephone,31,632,54511,Good,Medium,reem.fathy1293@example.com,2.01062E+11
CUST001294,Mahmoud Fathy,3.15037E+13,89,admin.,married,tertiary,no,818624,yes,no,cellular,4,514,62820,Fair,High,mahmoud.fathy1294@example.com,2.01055E+11
CUST001295,Aya Mostafa,3.61468E+13,65,teacher,single,tertiary,no,220609,yes,yes,telephone,4,653,10975,Fair,Medium,aya.mostafa1295@example.com,2.01039E+11
CUST001296,Reem Mahmoud,2.14732E+13,48,engineer,single,tertiary,no,394068,no,no,telephone,28,528,77876,Fair,High,reem.mahmoud1296@example.com,2.01063E+11
CUST001297,Ahmed Khaled,3.14351E+13,73,teacher,single,primary,no,932298,no,no,cellular,27,839,51948,Excellent,Low,ahmed.khaled1297@example.com,2.0103E+11
CUST001298,Youssef Ibrahim,2.35968E+13,71,entrepreneur,single,secondary,no,691033,yes,no,unknown,18,711,57634,Good,Low,youssef.ibrahim1298@example.com,2.01027E+11
CUST001299,Mahmoud Samir,3.24083E+13,27,teacher,married,primary,no,777680,yes,yes,unknown,1,433,40907,Good,High,mahmoud.samir1299@example.com,2.01056E+11
CUST001300,Sara Zekry,2.55173E+13,61,admin.,divorced,secondary,no,4319,yes,yes,telephone,3,360,13952,Good,High,sara.zekry1300@example.com,2.01078E+11
CUST001301,Nour Ibrahim,3.00933E+13,28,engineer,single,primary,no,56459,yes,yes,telephone,15,621,51469,Excellent,Medium,nour.ibrahim1301@example.com,2.01072E+11
CUST001302,Mohamed Mahmoud,2.55737E+13,56,admin.,married,secondary,no,54189,yes,yes,telephone,11,821,4438,Fair,Low,mohamed.mahmoud1302@example.com,2.01058E+11
CUST001303,Omar Adel,2.58076E+13,77,technician,divorced,secondary,no,648939,no,yes,unknown,24,752,49920,Fair,Low,omar.adel1303@example.com,2.01093E+11
CUST001304,Ahmed Zekry,2.18052E+13,36,entrepreneur,divorced,tertiary,no,461206,no,yes,cellular,23,575,51211,Excellent,Medium,ahmed.zekry1304@example.com,2.01079E+11
CUST001305,Nour Adel,2.16857E+13,70,admin.,single,secondary,no,87226,no,no,telephone,1,612,43438,Good,Medium,nour.adel1305@example.com,2.01072E+11
CUST001306,Mohamed Ali,2.45212E+13,56,engineer,single,secondary,no,518029,yes,no,telephone,15,554,32291,Good,Medium,mohamed.ali1306@example.com,2.01087E+11
CUST001307,Mahmoud Mahmoud,2.61401E+13,83,engineer,married,tertiary,no,41124,yes,no,cellular,6,577,39033,Excellent,Medium,mahmoud.mahmoud1307@example.com,2.01052E+11
CUST001308,Youssef Hassan,2.5207E+13,42,entrepreneur,married,tertiary,no,1117413,no,yes,telephone,14,549,62199,Fair,High,youssef.hassan1308@example.com,2.01072E+11
CUST001309,Reem Zekry,3.00548E+13,90,teacher,single,primary,no,491725,no,no,cellular,22,744,40656,Excellent,Low,reem.zekry1309@example.com,2.01099E+11
CUST001310,Omar Fathy,2.6065E+13,29,engineer,married,tertiary,no,606408,no,yes,unknown,27,724,50823,Fair,Low,omar.fathy1310@example.com,2.01096E+11
CUST001311,Ahmed Khaled,2.2565E+13,61,management,divorced,primary,no,134583,yes,no,telephone,17,783,65017,Fair,Low,ahmed.khaled1311@example.com,2.01022E+11
CUST001312,Nour Mahmoud,3.25866E+13,47,blue-collar,divorced,primary,no,187201,yes,yes,cellular,12,482,18980,Good,High,nour.mahmoud1312@example.com,2.01047E+11
CUST001313,Reem Adel,2.03059E+13,57,technician,divorced,secondary,no,278844,no,no,telephone,21,301,70731,Fair,High,reem.adel1313@example.com,2.01089E+11
CUST001314,Ahmed Ibrahim,3.84967E+13,22,management,single,primary,yes,284630,no,yes,cellular,21,625,47260,Poor,High,ahmed.ibrahim1314@example.com,2.01059E+11
CUST001315,Mohamed Mahmoud,2.66465E+13,42,admin.,married,secondary,no,1254601,no,no,unknown,5,475,78468,Good,High,mohamed.mahmoud1315@example.com,2.01085E+11
CUST001316,Reem Samir,3.45124E+13,54,management,divorced,primary,no,171830,yes,yes,unknown,2,793,42665,Fair,Low,reem.samir1316@example.com,2.01046E+11
CUST001317,Mona Khaled,3.78986E+13,45,blue-collar,single,primary,no,683636,no,yes,cellular,26,739,49001,Good,Low,mona.khaled1317@example.com,2.01068E+11
CUST001318,Mona Ali,3.60283E+13,18,blue-collar,married,secondary,no,292929,no,no,cellular,9,686,20952,Fair,Medium,mona.ali1318@example.com,2.01053E+11
CUST001319,Mahmoud Samir,2.07132E+13,86,engineer,single,tertiary,no,353845,yes,no,unknown,24,569,32165,Excellent,Medium,mahmoud.samir1319@example.com,2.01085E+11
CUST001320,Mahmoud Ali,3.51286E+13,95,blue-collar,single,secondary,no,328543,no,no,telephone,25,777,32503,Excellent,Low,mahmoud.ali1320@example.com,2.01062E+11
CUST001321,Mona Mahmoud,3.16498E+13,27,engineer,single,tertiary,no,451936,yes,yes,unknown,1,367,32156,Good,High,mona.mahmoud1321@example.com,2.01044E+11
CUST001322,Ahmed Khaled,2.02313E+13,81,management,married,primary,no,981685,no,yes,unknown,30,580,49214,Good,Medium,ahmed.khaled1322@example.com,2.01076E+11
CUST001323,Mohamed Ibrahim,3.51481E+13,80,teacher,married,tertiary,no,147151,no,no,unknown,9,776,24651,Excellent,Low,mohamed.ibrahim1323@example.com,2.01071E+11
CUST001324,Omar Khaled,3.87633E+13,43,teacher,single,primary,no,163894,yes,yes,unknown,11,468,18674,Excellent,High,omar.khaled1324@example.com,2.0107E+11
CUST001325,Nour Samir,2.66666E+13,84,engineer,single,secondary,no,267597,yes,no,cellular,7,807,45172,Fair,Low,nour.samir1325@example.com,2.01082E+11
CUST001326,Ahmed Adel,3.88176E+13,63,management,single,primary,no,864937,no,no,telephone,24,509,50688,Fair,High,ahmed.adel1326@example.com,2.01059E+11
CUST001327,Mona Mostafa,3.99918E+13,66,management,divorced,tertiary,no,626600,no,yes,unknown,31,573,39188,Fair,Medium,mona.mostafa1327@example.com,2.01069E+11
CUST001328,Reem Ali,2.61748E+13,58,engineer,married,secondary,no,14583,yes,yes,unknown,9,441,6359,Fair,High,reem.ali1328@example.com,2.01044E+11
CUST001329,Mona Mostafa,2.037E+13,63,admin.,single,secondary,no,69008,no,no,cellular,6,702,34661,Excellent,Low,mona.mostafa1329@example.com,2.01028E+11
CUST001330,Ahmed Ali,3.85227E+13,35,technician,divorced,secondary,no,68912,no,no,unknown,19,672,24528,Excellent,Medium,ahmed.ali1330@example.com,2.01031E+11
CUST001331,Omar Ibrahim,2.77666E+13,57,blue-collar,divorced,tertiary,no,79610,no,no,cellular,6,510,11025,Good,High,omar.ibrahim1331@example.com,2.0107E+11
CUST001332,Mahmoud Adel,2.74598E+13,45,admin.,married,secondary,no,131024,yes,yes,cellular,2,463,31737,Excellent,High,mahmoud.adel1332@example.com,2.0106E+11
CUST001333,Nour Ali,2.78463E+13,18,entrepreneur,single,tertiary,no,590863,yes,yes,unknown,2,399,48836,Excellent,High,nour.ali1333@example.com,2.01092E+11
CUST001334,Sara Samir,3.4144E+13,76,entrepreneur,married,tertiary,no,12494,no,no,unknown,22,771,9812,Good,Low,sara.samir1334@example.com,2.0107E+11
CUST001335,Omar Samir,3.1691E+13,44,teacher,married,primary,no,161788,yes,no,telephone,6,387,10214,Excellent,High,omar.samir1335@example.com,2.01017E+11
CUST001336,Mona Mahmoud,3.31142E+13,95,management,single,tertiary,no,555597,yes,yes,telephone,19,773,50332,Excellent,Low,mona.mahmoud1336@example.com,2.01071E+11
CUST001337,Youssef Adel,3.90888E+13,22,engineer,divorced,secondary,no,618328,no,yes,telephone,12,537,36283,Fair,High,youssef.adel1337@example.com,2.01092E+11
CUST001338,Youssef Hassan,2.87026E+13,28,admin.,married,tertiary,no,19998,no,no,cellular,23,815,4871,Fair,Low,youssef.hassan1338@example.com,2.01044E+11
CUST001339,Aya Hassan,3.92229E+13,60,management,married,primary,no,77753,no,yes,telephone,24,722,8697,Good,Low,aya.hassan1339@example.com,2.01092E+11
CUST001340,Reem Adel,3.35958E+13,28,admin.,married,tertiary,no,70198,yes,yes,cellular,29,351,11072,Fair,High,reem.adel1340@example.com,2.01053E+11
CUST001341,Ahmed Mostafa,2.88155E+13,63,entrepreneur,divorced,tertiary,no,1322234,no,yes,unknown,20,554,69430,Good,Medium,ahmed.mostafa1341@example.com,2.01096E+11
CUST001342,Aya Samir,2.58174E+13,89,teacher,single,tertiary,no,523131,yes,no,telephone,14,758,43603,Good,Low,aya.samir1342@example.com,2.01073E+11
CUST001343,Ahmed Mahmoud,2.70368E+13,27,engineer,single,primary,no,442265,yes,no,telephone,26,805,39809,Fair,Low,ahmed.mahmoud1343@example.com,2.01019E+11
CUST001344,Reem Fathy,2.84257E+13,64,teacher,single,tertiary,no,68016,yes,no,telephone,10,849,6352,Good,Low,reem.fathy1344@example.com,2.01063E+11
CUST001345,Reem Mahmoud,2.84334E+13,82,teacher,married,primary,no,701439,yes,no,cellular,29,816,58245,Fair,Low,reem.mahmoud1345@example.com,2.01058E+11
CUST001346,Nour Fathy,3.39436E+13,30,admin.,married,tertiary,no,414460,yes,no,telephone,12,654,41378,Good,Medium,nour.fathy1346@example.com,2.01041E+11
CUST001347,Mona Fathy,2.3421E+13,20,admin.,married,secondary,no,514923,yes,yes,unknown,5,738,51500,Good,Low,mona.fathy1347@example.com,2.01078E+11
CUST001348,Youssef Ali,2.7685E+13,69,technician,married,secondary,no,377829,no,yes,telephone,14,844,31231,Good,Low,youssef.ali1348@example.com,2.0107E+11
CUST001349,Nour Fathy,3.39277E+13,95,technician,single,tertiary,no,569239,yes,yes,telephone,15,749,40528,Excellent,Low,nour.fathy1349@example.com,2.0102E+11
CUST001350,Reem Mahmoud,2.87127E+13,79,engineer,single,secondary,no,599832,no,yes,telephone,10,788,35159,Good,Low,reem.mahmoud1350@example.com,2.01025E+11
CUST001351,Sara Hassan,3.02239E+13,85,management,single,tertiary,no,1013522,no,no,cellular,29,764,72381,Excellent,Low,sara.hassan1351@example.com,2.01099E+11
CUST001352,Mahmoud Samir,2.96588E+13,81,technician,divorced,tertiary,no,511137,yes,no,unknown,15,630,28173,Fair,Medium,mahmoud.samir1352@example.com,2.01074E+11
CUST001353,Mohamed Adel,3.89338E+13,94,blue-collar,divorced,tertiary,no,434855,no,no,unknown,8,304,48667,Fair,High,mohamed.adel1353@example.com,2.01029E+11
CUST001354,Ahmed Zekry,3.44542E+13,81,admin.,married,primary,no,262030,yes,no,telephone,1,763,37006,Good,Low,ahmed.zekry1354@example.com,2.01063E+11
CUST001355,Mona Hassan,2.28368E+13,35,management,divorced,tertiary,no,69061,yes,no,telephone,3,480,8763,Fair,High,mona.hassan1355@example.com,2.01083E+11
CUST001356,Mahmoud Adel,3.00849E+13,91,management,single,primary,no,575662,no,yes,unknown,25,575,72581,Good,Medium,mahmoud.adel1356@example.com,2.01094E+11
CUST001357,Youssef Mostafa,3.60181E+13,31,entrepreneur,divorced,secondary,no,208873,yes,yes,unknown,16,301,51152,Fair,High,youssef.mostafa1357@example.com,2.01062E+11
CUST001358,Mohamed Zekry,3.52664E+13,44,technician,single,tertiary,no,210412,no,no,unknown,28,539,26026,Good,High,mohamed.zekry1358@example.com,2.01066E+11
CUST001359,Aya Mahmoud,2.44234E+13,33,technician,married,secondary,no,384244,no,no,cellular,20,737,76103,Good,Low,aya.mahmoud1359@example.com,2.01043E+11
CUST001360,Youssef Ibrahim,3.38101E+13,45,engineer,married,secondary,no,687458,yes,no,telephone,17,795,38135,Good,Low,youssef.ibrahim1360@example.com,2.01066E+11
CUST001361,Ahmed Mahmoud,3.35059E+13,75,blue-collar,married,primary,no,270665,no,no,unknown,4,463,17964,Fair,High,ahmed.mahmoud1361@example.com,2.01018E+11
CUST001362,Omar Adel,3.07562E+13,79,teacher,divorced,primary,no,312522,no,no,unknown,20,696,16439,Excellent,Medium,omar.adel1362@example.com,2.0102E+11
CUST001363,Mohamed Mostafa,2.50823E+13,57,engineer,single,secondary,no,463454,yes,no,telephone,12,748,35583,Good,Low,mohamed.mostafa1363@example.com,2.0105E+11
CUST001364,Sara Mahmoud,2.99661E+13,62,blue-collar,divorced,tertiary,no,103817,no,yes,telephone,12,429,53886,Good,High,sara.mahmoud1364@example.com,2.01062E+11
CUST001365,Aya Zekry,3.76012E+13,85,engineer,single,tertiary,no,229277,no,no,unknown,2,405,16718,Good,High,aya.zekry1365@example.com,2.01067E+11
CUST001366,Mohamed Khaled,2.78911E+13,75,technician,single,tertiary,no,833352,yes,yes,cellular,21,554,63913,Good,Medium,mohamed.khaled1366@example.com,2.01048E+11
CUST001367,Ahmed Zekry,3.16875E+13,77,entrepreneur,married,tertiary,no,1164158,yes,no,unknown,20,558,61145,Fair,Medium,ahmed.zekry1367@example.com,2.01084E+11
CUST001368,Ahmed Ali,3.75442E+13,42,engineer,married,tertiary,no,131135,yes,no,telephone,11,753,9038,Excellent,Low,ahmed.ali1368@example.com,2.01091E+11
CUST001369,Omar Zekry,3.76174E+13,20,engineer,married,primary,no,752767,no,no,telephone,3,433,75186,Good,High,omar.zekry1369@example.com,2.01016E+11
CUST001370,Mahmoud Mahmoud,2.43397E+13,59,teacher,married,primary,no,-4112,no,no,cellular,8,593,55828,Fair,Medium,mahmoud.mahmoud1370@example.com,2.01021E+11
CUST001371,Youssef Ibrahim,3.93457E+13,75,management,single,secondary,no,557865,yes,no,unknown,15,624,62403,Excellent,Medium,youssef.ibrahim1371@example.com,2.01086E+11
CUST001372,Youssef Khaled,3.5748E+13,93,management,single,secondary,no,143895,no,yes,cellular,22,421,72375,Excellent,High,youssef.khaled1372@example.com,2.01066E+11
CUST001373,Mohamed Mahmoud,3.31891E+13,54,teacher,divorced,secondary,no,205413,yes,no,unknown,21,775,41531,Excellent,Low,mohamed.mahmoud1373@example.com,2.01055E+11
CUST001374,Aya Fathy,3.10081E+13,53,technician,married,tertiary,no,1065311,no,no,telephone,21,486,59224,Fair,High,aya.fathy1374@example.com,2.01065E+11
CUST001375,Mahmoud Ali,3.59618E+13,42,blue-collar,married,tertiary,no,383536,no,no,cellular,30,826,54970,Excellent,Low,mahmoud.ali1375@example.com,2.01042E+11
CUST001376,Mahmoud Ibrahim,2.66094E+13,42,technician,single,tertiary,no,143133,no,yes,telephone,25,763,18216,Fair,Low,mahmoud.ibrahim1376@example.com,2.01033E+11
CUST001377,Sara Mostafa,2.72383E+13,44,admin.,divorced,primary,no,744269,no,no,unknown,15,620,67288,Excellent,Medium,sara.mostafa1377@example.com,2.01048E+11
CUST001378,Reem Fathy,2.86557E+13,72,admin.,single,secondary,no,644,no,no,unknown,11,624,41193,Good,Medium,reem.fathy1378@example.com,2.01047E+11
CUST001379,Mahmoud Ali,2.69976E+13,86,engineer,single,secondary,no,1269890,yes,yes,unknown,10,543,79409,Good,High,mahmoud.ali1379@example.com,2.01051E+11
CUST001380,Youssef Samir,3.77668E+13,79,management,divorced,tertiary,no,49275,yes,yes,cellular,12,464,8098,Good,High,youssef.samir1380@example.com,2.01056E+11
CUST001381,Youssef Khaled,2.88582E+13,72,blue-collar,divorced,primary,no,902117,yes,no,telephone,26,809,75000,Fair,Low,youssef.khaled1381@example.com,2.01025E+11
CUST001382,Mona Mostafa,3.00866E+13,23,blue-collar,divorced,secondary,no,52440,no,yes,telephone,17,660,4376,Fair,Medium,mona.mostafa1382@example.com,2.01094E+11
CUST001383,Sara Ali,2.54663E+13,67,management,single,primary,no,614631,yes,yes,cellular,7,440,68464,Good,High,sara.ali1383@example.com,2.01034E+11
CUST001384,Nour Adel,3.77201E+13,48,admin.,single,primary,no,727987,yes,yes,cellular,26,398,38521,Good,High,nour.adel1384@example.com,2.01043E+11
CUST001385,Omar Hassan,2.84024E+13,71,blue-collar,married,secondary,no,674601,yes,no,telephone,28,707,39565,Excellent,Low,omar.hassan1385@example.com,2.01064E+11
CUST001386,Reem Samir,3.8251E+13,50,entrepreneur,single,tertiary,no,421746,yes,no,unknown,16,701,32796,Excellent,Low,reem.samir1386@example.com,2.01084E+11
CUST001387,Ahmed Adel,2.13134E+13,23,technician,single,tertiary,no,612718,no,yes,unknown,16,850,30565,Good,Low,ahmed.adel1387@example.com,2.01083E+11
CUST001388,Mohamed Mahmoud,2.97851E+13,70,blue-collar,single,primary,no,1022779,no,yes,cellular,8,649,73188,Fair,Medium,mohamed.mahmoud1388@example.com,2.01078E+11
CUST001389,Omar Zekry,3.25152E+13,44,entrepreneur,single,primary,no,174799,yes,no,telephone,20,614,44299,Fair,Medium,omar.zekry1389@example.com,2.01017E+11
CUST001390,Mohamed Ibrahim,2.97106E+13,95,technician,single,primary,no,133210,no,no,unknown,5,462,68796,Excellent,High,mohamed.ibrahim1390@example.com,2.01085E+11
CUST001391,Ahmed Fathy,3.33112E+13,87,management,single,secondary,no,27098,no,no,unknown,28,836,14325,Good,Low,ahmed.fathy1391@example.com,2.01051E+11
CUST001392,Mona Mostafa,2.44174E+13,73,technician,married,secondary,no,266177,yes,yes,unknown,1,453,66262,Good,High,mona.mostafa1392@example.com,2.01046E+11
CUST001393,Mohamed Adel,3.56989E+13,43,technician,married,tertiary,no,117762,no,yes,cellular,22,396,39514,Good,High,mohamed.adel1393@example.com,2.01016E+11
CUST001394,Youssef Ali,2.74509E+13,86,entrepreneur,single,primary,no,891352,yes,no,unknown,19,301,46771,Good,High,youssef.ali1394@example.com,2.01084E+11
CUST001395,Mona Ibrahim,3.84619E+13,95,teacher,divorced,tertiary,no,133837,no,yes,telephone,6,313,7554,Fair,High,mona.ibrahim1395@example.com,2.01015E+11
CUST001396,Aya Ibrahim,2.72851E+13,28,admin.,divorced,tertiary,yes,178227,yes,no,telephone,30,648,29739,Poor,High,aya.ibrahim1396@example.com,2.01029E+11
CUST001397,Mohamed Ali,2.3848E+13,46,technician,divorced,primary,no,237771,no,yes,cellular,4,784,40183,Fair,Low,mohamed.ali1397@example.com,2.01056E+11
CUST001398,Mahmoud Ali,3.27812E+13,19,teacher,married,secondary,no,367193,yes,no,unknown,16,464,52138,Excellent,High,mahmoud.ali1398@example.com,2.01066E+11
CUST001399,Ahmed Mahmoud,2.3552E+13,36,technician,single,tertiary,no,75214,yes,yes,unknown,17,598,77843,Excellent,Medium,ahmed.mahmoud1399@example.com,2.0106E+11
CUST001400,Mahmoud Zekry,2.62126E+13,24,engineer,married,secondary,no,154799,no,no,unknown,26,454,30180,Fair,High,mahmoud.zekry1400@example.com,2.01059E+11
CUST001401,Sara Mostafa,2.18753E+13,20,entrepreneur,divorced,secondary,no,39737,no,no,unknown,20,845,40195,Fair,Low,sara.mostafa1401@example.com,2.01093E+11
CUST001402,Mahmoud Ali,3.4386E+13,18,technician,married,primary,no,214610,yes,yes,unknown,17,565,72266,Excellent,Medium,mahmoud.ali1402@example.com,2.01095E+11
CUST001403,Ahmed Fathy,2.14517E+13,30,engineer,single,secondary,no,132793,yes,yes,cellular,3,760,68218,Excellent,Low,ahmed.fathy1403@example.com,2.01035E+11
CUST001404,Reem Mahmoud,3.946E+13,70,entrepreneur,married,primary,no,856510,yes,yes,cellular,16,352,78196,Excellent,High,reem.mahmoud1404@example.com,2.01015E+11
CUST001405,Mona Ali,3.04361E+13,50,teacher,married,primary,no,358966,yes,no,unknown,7,767,36004,Excellent,Low,mona.ali1405@example.com,2.01089E+11
CUST001406,Ahmed Samir,3.72595E+13,29,technician,single,secondary,no,258718,yes,yes,telephone,30,441,51937,Fair,High,ahmed.samir1406@example.com,2.01038E+11
CUST001407,Mohamed Khaled,2.9928E+13,58,management,divorced,tertiary,no,457753,yes,yes,unknown,22,721,65543,Good,Low,mohamed.khaled1407@example.com,2.01066E+11
CUST001408,Nour Mostafa,2.42801E+13,33,management,married,primary,no,1238065,no,no,cellular,24,538,61882,Fair,High,nour.mostafa1408@example.com,2.01035E+11
CUST001409,Aya Hassan,3.70609E+13,91,management,divorced,tertiary,no,176597,no,yes,telephone,3,809,21537,Fair,Low,aya.hassan1409@example.com,2.01037E+11
CUST001410,Ahmed Ibrahim,3.31749E+13,93,blue-collar,divorced,secondary,no,190788,yes,yes,unknown,30,602,32505,Fair,Medium,ahmed.ibrahim1410@example.com,2.01085E+11
CUST001411,Ahmed Ali,2.97683E+13,66,teacher,married,primary,no,219341,no,no,telephone,22,644,23906,Excellent,Medium,ahmed.ali1411@example.com,2.01024E+11
CUST001412,Youssef Fathy,3.2717E+13,85,blue-collar,married,primary,no,77872,no,no,unknown,16,557,9131,Fair,Medium,youssef.fathy1412@example.com,2.01058E+11
CUST001413,Omar Mahmoud,3.21553E+13,45,management,married,tertiary,no,111870,no,yes,cellular,15,778,14018,Fair,Low,omar.mahmoud1413@example.com,2.01073E+11
CUST001414,Mohamed Adel,2.06382E+13,78,technician,single,secondary,no,86827,no,no,unknown,9,527,22598,Excellent,High,mohamed.adel1414@example.com,2.01034E+11
CUST001415,Omar Samir,2.49575E+13,59,admin.,divorced,tertiary,no,130652,yes,yes,telephone,4,536,32542,Fair,High,omar.samir1415@example.com,2.01054E+11
CUST001416,Omar Mostafa,2.01847E+13,64,management,married,primary,no,306356,yes,no,cellular,28,415,60974,Fair,High,omar.mostafa1416@example.com,2.01021E+11
CUST001417,Sara Khaled,2.21685E+13,77,admin.,married,tertiary,no,590784,no,yes,telephone,9,556,42285,Excellent,Medium,sara.khaled1417@example.com,2.01078E+11
CUST001418,Mahmoud Fathy,3.18618E+13,80,engineer,single,primary,no,544771,yes,yes,unknown,14,489,41919,Excellent,High,mahmoud.fathy1418@example.com,2.01055E+11
CUST001419,Sara Ibrahim,3.29659E+13,74,teacher,single,tertiary,no,164240,no,no,cellular,12,665,16478,Fair,Medium,sara.ibrahim1419@example.com,2.01041E+11
CUST001420,Mohamed Hassan,2.98193E+13,18,engineer,single,tertiary,no,217592,no,no,cellular,28,385,27446,Fair,High,mohamed.hassan1420@example.com,2.01072E+11
CUST001421,Sara Khaled,3.00596E+13,95,admin.,single,tertiary,no,197813,no,yes,telephone,16,335,67419,Excellent,High,sara.khaled1421@example.com,2.01091E+11
CUST001422,Mohamed Samir,2.68323E+13,66,technician,single,primary,no,594731,no,no,telephone,15,538,42286,Fair,High,mohamed.samir1422@example.com,2.01078E+11
CUST001423,Aya Fathy,3.99324E+13,79,teacher,divorced,secondary,no,521832,yes,yes,cellular,28,494,30895,Good,High,aya.fathy1423@example.com,2.01094E+11
CUST001424,Ahmed Mahmoud,2.70504E+13,94,engineer,divorced,tertiary,no,662279,no,yes,unknown,8,508,54884,Excellent,High,ahmed.mahmoud1424@example.com,2.01075E+11
CUST001425,Sara Ibrahim,2.22954E+13,23,entrepreneur,married,secondary,no,406114,yes,no,telephone,12,666,44679,Fair,Medium,sara.ibrahim1425@example.com,2.01029E+11
CUST001426,Mahmoud Khaled,3.36528E+13,94,entrepreneur,single,primary,no,46429,yes,yes,unknown,8,428,8532,Good,High,mahmoud.khaled1426@example.com,2.01081E+11
CUST001427,Mohamed Ali,3.94303E+13,23,entrepreneur,single,tertiary,no,342282,no,yes,cellular,6,783,57700,Fair,Low,mohamed.ali1427@example.com,2.01043E+11
CUST001428,Sara Khaled,3.40002E+13,72,engineer,single,primary,no,14609,no,no,unknown,31,643,9273,Good,Medium,sara.khaled1428@example.com,2.01016E+11
CUST001429,Mona Mahmoud,3.27199E+13,87,entrepreneur,married,primary,no,578651,no,no,unknown,29,356,72686,Good,High,mona.mahmoud1429@example.com,2.01095E+11
CUST001430,Omar Ibrahim,2.13009E+13,31,entrepreneur,married,secondary,no,173800,yes,no,cellular,26,326,57248,Fair,High,omar.ibrahim1430@example.com,2.01082E+11
CUST001431,Nour Ali,3.1382E+13,95,admin.,divorced,tertiary,no,18734,yes,no,unknown,19,733,18890,Fair,Low,nour.ali1431@example.com,2.01096E+11
CUST001432,Mona Samir,3.98567E+13,67,admin.,divorced,primary,no,431341,no,no,unknown,5,305,54292,Excellent,High,mona.samir1432@example.com,2.01096E+11
CUST001433,Mona Mahmoud,3.56601E+13,42,blue-collar,divorced,primary,no,91511,yes,yes,unknown,23,707,10593,Good,Low,mona.mahmoud1433@example.com,2.01054E+11
CUST001434,Omar Hassan,3.87208E+13,77,blue-collar,married,secondary,no,611747,no,yes,cellular,27,635,34245,Fair,Medium,omar.hassan1434@example.com,2.01071E+11
CUST001435,Omar Khaled,3.22072E+13,81,admin.,single,tertiary,no,475635,yes,no,telephone,10,437,67547,Excellent,High,omar.khaled1435@example.com,2.0105E+11
CUST001436,Mahmoud Fathy,2.26805E+13,29,entrepreneur,married,tertiary,no,799545,yes,yes,cellular,30,756,72463,Excellent,Low,mahmoud.fathy1436@example.com,2.01075E+11
CUST001437,Mohamed Ibrahim,2.98965E+13,82,entrepreneur,divorced,tertiary,no,755594,no,no,cellular,2,321,62876,Fair,High,mohamed.ibrahim1437@example.com,2.01071E+11
CUST001438,Ahmed Mahmoud,3.46628E+13,39,teacher,single,tertiary,yes,-1204,yes,no,telephone,23,578,65881,Poor,High,ahmed.mahmoud1438@example.com,2.01019E+11
CUST001439,Aya Mahmoud,2.06822E+13,51,teacher,single,primary,no,125282,no,no,telephone,11,526,20474,Good,High,aya.mahmoud1439@example.com,2.01077E+11
CUST001440,Aya Fathy,2.44105E+13,33,blue-collar,single,primary,no,64438,no,yes,unknown,9,789,68700,Good,Low,aya.fathy1440@example.com,2.01064E+11
CUST001441,Sara Khaled,2.0084E+13,71,entrepreneur,married,secondary,no,158831,yes,no,telephone,30,710,8013,Good,Low,sara.khaled1441@example.com,2.0103E+11
CUST001442,Reem Ali,2.40994E+13,30,engineer,single,secondary,no,33,no,yes,unknown,25,496,17672,Fair,High,reem.ali1442@example.com,2.01014E+11
CUST001443,Aya Adel,3.7711E+13,94,engineer,divorced,primary,no,-4320,yes,no,telephone,26,801,3752,Excellent,Low,aya.adel1443@example.com,2.01028E+11
CUST001444,Reem Ibrahim,2.8019E+13,78,teacher,single,primary,no,232408,yes,yes,telephone,19,507,78622,Fair,High,reem.ibrahim1444@example.com,2.01061E+11
CUST001445,Sara Fathy,3.79211E+13,58,engineer,single,primary,no,567375,yes,yes,telephone,5,480,35222,Fair,High,sara.fathy1445@example.com,2.01015E+11
CUST001446,Mona Fathy,2.72128E+13,83,engineer,married,primary,no,446019,no,no,telephone,31,525,74922,Good,High,mona.fathy1446@example.com,2.01064E+11
CUST001447,Mahmoud Adel,3.12232E+13,53,teacher,divorced,secondary,no,107275,no,yes,telephone,31,576,15363,Good,Medium,mahmoud.adel1447@example.com,2.01093E+11
CUST001448,Omar Ibrahim,3.1186E+13,82,management,married,primary,no,137385,no,yes,unknown,27,401,9035,Fair,High,omar.ibrahim1448@example.com,2.01044E+11
CUST001449,Mona Ibrahim,2.68842E+13,50,admin.,married,tertiary,no,74478,yes,yes,unknown,17,816,6372,Good,Low,mona.ibrahim1449@example.com,2.01042E+11
CUST001450,Omar Samir,3.68718E+13,89,teacher,married,tertiary,no,57750,yes,yes,unknown,19,381,9950,Fair,High,omar.samir1450@example.com,2.01023E+11
CUST001451,Mohamed Ibrahim,3.0655E+13,66,management,divorced,secondary,no,527739,yes,yes,cellular,17,332,65938,Fair,High,mohamed.ibrahim1451@example.com,2.01053E+11
CUST001452,Ahmed Mahmoud,3.45126E+13,48,teacher,divorced,primary,no,470582,no,no,cellular,3,760,67393,Fair,Low,ahmed.mahmoud1452@example.com,2.0108E+11
CUST001453,Omar Zekry,2.34319E+13,61,blue-collar,divorced,tertiary,no,454117,yes,yes,cellular,13,607,41573,Good,Medium,omar.zekry1453@example.com,2.01032E+11
CUST001454,Youssef Ibrahim,3.06439E+13,34,entrepreneur,divorced,primary,no,383011,no,no,telephone,27,473,63832,Good,High,youssef.ibrahim1454@example.com,2.01045E+11
CUST001455,Aya Zekry,3.76891E+13,89,technician,single,secondary,no,7843,yes,yes,cellular,24,799,4065,Good,Low,aya.zekry1455@example.com,2.01048E+11
CUST001456,Mahmoud Zekry,3.17392E+13,33,blue-collar,divorced,secondary,no,105012,no,no,unknown,18,755,12889,Fair,Low,mahmoud.zekry1456@example.com,2.01041E+11
CUST001457,Sara Ali,3.48048E+13,77,blue-collar,single,tertiary,no,138923,yes,no,telephone,24,638,11822,Fair,Medium,sara.ali1457@example.com,2.01038E+11
CUST001458,Youssef Khaled,2.86709E+13,29,technician,married,secondary,no,220754,no,no,cellular,31,324,36139,Excellent,High,youssef.khaled1458@example.com,2.01084E+11
CUST001459,Mona Ibrahim,2.64764E+13,56,blue-collar,single,primary,no,176426,no,no,cellular,28,561,58891,Good,Medium,mona.ibrahim1459@example.com,2.01058E+11
CUST001460,Sara Mostafa,3.8539E+13,84,admin.,married,secondary,no,118703,no,yes,unknown,8,649,59619,Fair,Medium,sara.mostafa1460@example.com,2.01094E+11
CUST001461,Sara Hassan,3.2871E+13,53,engineer,single,secondary,no,1154363,yes,yes,cellular,28,747,76939,Excellent,Low,sara.hassan1461@example.com,2.01092E+11
CUST001462,Omar Zekry,2.83524E+13,23,management,single,primary,no,350975,no,yes,telephone,17,637,35585,Fair,Medium,omar.zekry1462@example.com,2.01035E+11
CUST001463,Youssef Samir,2.60045E+13,81,entrepreneur,divorced,primary,no,1032794,yes,yes,telephone,29,565,68762,Fair,Medium,youssef.samir1463@example.com,2.01041E+11
CUST001464,Mahmoud Khaled,3.744E+13,34,management,single,tertiary,no,318169,no,no,cellular,29,849,24116,Excellent,Low,mahmoud.khaled1464@example.com,2.01047E+11
CUST001465,Mohamed Adel,2.64517E+13,43,technician,married,primary,no,104633,yes,no,cellular,31,473,7271,Excellent,High,mohamed.adel1465@example.com,2.0102E+11
CUST001466,Youssef Zekry,3.88308E+13,51,engineer,divorced,tertiary,no,170626,no,yes,telephone,23,491,11292,Fair,High,youssef.zekry1466@example.com,2.01098E+11
CUST001467,Aya Zekry,2.66072E+13,86,technician,single,secondary,no,418022,yes,no,cellular,19,530,69643,Fair,High,aya.zekry1467@example.com,2.0102E+11
CUST001468,Omar Adel,3.49187E+13,48,entrepreneur,single,secondary,no,345852,no,yes,unknown,19,838,58416,Fair,Low,omar.adel1468@example.com,2.01074E+11
CUST001469,Nour Adel,2.0048E+13,40,blue-collar,married,tertiary,no,160405,no,yes,unknown,31,615,26992,Good,Medium,nour.adel1469@example.com,2.01053E+11
CUST001470,Ahmed Samir,2.74238E+13,68,entrepreneur,single,tertiary,no,5868,yes,yes,unknown,14,801,4390,Excellent,Low,ahmed.samir1470@example.com,2.01029E+11
CUST001471,Reem Hassan,2.92027E+13,29,admin.,married,secondary,no,138563,no,no,unknown,11,487,35635,Fair,High,reem.hassan1471@example.com,2.01044E+11
CUST001472,Ahmed Zekry,2.61229E+13,67,entrepreneur,single,primary,no,89248,yes,yes,telephone,10,725,44360,Excellent,Low,ahmed.zekry1472@example.com,2.0108E+11
CUST001473,Mahmoud Zekry,3.65726E+13,89,entrepreneur,single,primary,no,540919,no,yes,cellular,29,522,48737,Fair,High,mahmoud.zekry1473@example.com,2.01056E+11
CUST001474,Mona Fathy,3.24386E+13,49,entrepreneur,divorced,tertiary,no,184816,yes,no,telephone,15,585,46585,Excellent,Medium,mona.fathy1474@example.com,2.01093E+11
CUST001475,Omar Khaled,3.76336E+13,58,management,single,tertiary,no,320740,no,no,cellular,20,564,17120,Fair,Medium,omar.khaled1475@example.com,2.01017E+11
CUST001476,Ahmed Ibrahim,2.5601E+13,76,entrepreneur,single,tertiary,yes,632749,no,no,cellular,11,604,79535,Poor,High,ahmed.ibrahim1476@example.com,2.01012E+11
CUST001477,Mohamed Khaled,3.90806E+13,94,blue-collar,married,primary,no,474781,yes,no,unknown,30,414,67149,Excellent,High,mohamed.khaled1477@example.com,2.01089E+11
CUST001478,Youssef Adel,2.97816E+13,50,entrepreneur,single,secondary,no,663,no,no,cellular,8,320,12605,Fair,High,youssef.adel1478@example.com,2.01093E+11
CUST001479,Ahmed Mahmoud,2.47316E+13,50,entrepreneur,married,tertiary,no,874443,yes,no,cellular,18,707,67043,Good,Low,ahmed.mahmoud1479@example.com,2.01071E+11
CUST001480,Youssef Khaled,2.37872E+13,40,blue-collar,divorced,tertiary,no,953342,yes,yes,telephone,19,486,59304,Fair,High,youssef.khaled1480@example.com,2.01022E+11
CUST001481,Mahmoud Ibrahim,3.10079E+13,89,technician,single,secondary,no,383632,no,no,unknown,12,652,42531,Excellent,Medium,mahmoud.ibrahim1481@example.com,2.01072E+11
CUST001482,Mohamed Samir,3.33856E+13,38,entrepreneur,single,primary,no,869183,yes,yes,cellular,19,694,61999,Good,Medium,mohamed.samir1482@example.com,2.01013E+11
CUST001483,Mohamed Adel,2.77582E+13,88,blue-collar,divorced,tertiary,no,90908,no,yes,cellular,27,830,31283,Fair,Low,mohamed.adel1483@example.com,2.01044E+11
CUST001484,Reem Khaled,2.49765E+13,42,engineer,married,primary,no,-3209,yes,no,telephone,8,572,67091,Good,Medium,reem.khaled1484@example.com,2.0104E+11
CUST001485,Ahmed Mostafa,3.61966E+13,82,blue-collar,married,tertiary,no,443218,no,no,cellular,23,541,44223,Good,High,ahmed.mostafa1485@example.com,2.01042E+11
CUST001486,Mohamed Samir,2.44338E+13,81,teacher,married,primary,no,486312,yes,no,telephone,9,752,27177,Good,Low,mohamed.samir1486@example.com,2.01078E+11
CUST001487,Aya Samir,3.46412E+13,37,entrepreneur,married,tertiary,no,851902,no,no,cellular,25,497,52936,Excellent,High,aya.samir1487@example.com,2.0107E+11
CUST001488,Mahmoud Zekry,3.36769E+13,55,entrepreneur,married,secondary,no,144072,no,no,telephone,1,710,13064,Good,Low,mahmoud.zekry1488@example.com,2.01069E+11
CUST001489,Aya Hassan,3.06149E+13,86,engineer,divorced,secondary,no,28115,yes,no,telephone,14,553,3549,Excellent,Medium,aya.hassan1489@example.com,2.01094E+11
CUST001490,Sara Samir,2.77926E+13,95,entrepreneur,married,primary,no,61074,yes,yes,telephone,19,595,7712,Fair,Medium,sara.samir1490@example.com,2.01083E+11
CUST001491,Reem Ali,2.15667E+13,63,engineer,married,tertiary,no,378975,yes,yes,cellular,1,717,29041,Good,Low,reem.ali1491@example.com,2.01075E+11
CUST001492,Aya Ali,2.08586E+13,31,blue-collar,divorced,secondary,no,892437,yes,yes,telephone,8,388,55904,Good,High,aya.ali1492@example.com,2.01023E+11
CUST001493,Aya Fathy,3.94633E+13,56,admin.,divorced,tertiary,no,104459,yes,no,cellular,3,504,50860,Good,High,aya.fathy1493@example.com,2.01065E+11
CUST001494,Reem Ibrahim,3.15877E+13,69,management,married,secondary,no,419503,no,yes,cellular,29,590,70275,Excellent,Medium,reem.ibrahim1494@example.com,2.01023E+11
CUST001495,Reem Mostafa,3.7652E+13,42,engineer,single,secondary,no,-1665,yes,yes,cellular,20,780,18407,Fair,Low,reem.mostafa1495@example.com,2.01047E+11
CUST001496,Mohamed Mostafa,2.27028E+13,46,management,single,primary,no,1472,yes,no,unknown,17,839,58619,Good,Low,mohamed.mostafa1496@example.com,2.01035E+11
CUST001497,Reem Ibrahim,3.3163E+13,35,management,divorced,tertiary,no,608730,no,yes,unknown,15,371,55351,Excellent,High,reem.ibrahim1497@example.com,2.01033E+11
CUST001498,Mohamed Fathy,3.56935E+13,22,entrepreneur,married,primary,no,399177,no,yes,cellular,10,390,50476,Excellent,High,mohamed.fathy1498@example.com,2.01041E+11
CUST001499,Mahmoud Samir,3.23411E+13,41,management,single,secondary,no,1106161,no,yes,telephone,2,352,55093,Excellent,High,mahmoud.samir1499@example.com,2.01011E+11
CUST001500,Omar Adel,2.15532E+13,55,management,married,primary,no,449335,yes,no,unknown,23,733,28313,Excellent,Low,omar.adel1500@example.com,2.01037E+11
